factor_id,group_id,factor_name,factor_name_jp,frequency,data_type,area_data_method,lag_type,lag_days,definition,from_dateymd,to_dateymd,created_at,updated_at,create_update_user
1,5,overall_rating,全体評価(平均値),M,Z,auto,2,5,"**<u>データソース</u>**

・Web : sc_production(g***_review).overall_rating



**<u>更新タイミング</u>**

第3営業日　翌日　04:30



**<u>計算方法</u>**

1. 計算時点から過去3ヵ月のデータを取得。
2. 各銘柄の直近値を取得。

3. MSCI ACWI 構成銘柄に絞り込む。
4. 各CountryでZスコアを計算。",20160430,99991231,2019-02-01 19:16:00,2019-03-26 09:23:53,
2,4,culture_and_values,文化・価値の動向(平均値),M,Z,auto,2,5,"**<u>データソース</u>**

・Web : sc_production(g***_review).culture_and_values



**<u>更新タイミング</u>**

第3営業日　翌日　04:30



**<u>計算方法</u>**

1. 計算時点から過去3ヵ月のデータを取得。
2. 各銘柄の直近値を取得。

3. MSCI ACWI 構成銘柄に絞り込む。
4. 各CountryでZスコアを計算。",20160430,99991231,2019-02-01 19:16:00,2019-03-26 09:26:57,
3,4,work_life,仕事・生活のバランス(平均値),M,Z,auto,2,5,"**<u>データソース</u>**

・Web : sc_production(g***_review).work_life



**<u>更新タイミング</u>**

第3営業日　翌日　04:30



**<u>計算方法</u>**

1. 計算時点から過去3ヵ月のデータを取得。
2. 各銘柄の直近値を取得。

3. MSCI ACWI 構成銘柄に絞り込む。
4. 各CountryでZスコアを計算。",20160430,99991231,2019-02-01 19:16:00,2019-03-26 09:26:28,
4,3,senior_management,シニアマネジメント(平均値),M,Z,auto,2,5,"**<u>データソース</u>**

・Web : sc_production(g***_review).senior_management



**<u>更新タイミング</u>**

第3営業日　翌日　04:30



**<u>計算方法</u>**

1. 計算時点から過去3ヵ月のデータを取得。
2. 各銘柄の直近値を取得。

3. MSCI ACWI 構成銘柄に絞り込む。
4. 各CountryでZスコアを計算。",20160430,99991231,2019-02-01 19:16:00,2019-03-26 09:26:51,
5,4,comp_and_benefits,報酬・給付(平均値),M,Z,auto,2,5,"**<u>データソース</u>**

・Web : sc_production(g***_review).comp_and_benefits



**<u>更新タイミング</u>**

第3営業日　翌日　04:30



**<u>計算方法</u>**

1. 計算時点から過去3ヵ月のデータを取得。
2. 各銘柄の直近値を取得。

3. MSCI ACWI 構成銘柄に絞り込む。
4. 各CountryでZスコアを計算。",20160430,99991231,2019-02-01 19:16:00,2019-03-26 09:27:16,
6,4,career_opportunities,就業機会(平均値),M,Z,auto,2,5,"**<u>データソース</u>**

・Web : sc_production(g***_review).career_opportunities



**<u>更新タイミング</u>**

第3営業日　翌日　04:30



**<u>計算方法</u>**

1. 計算時点から過去3ヵ月のデータを取得。
2. 各銘柄の直近値を取得。

3. MSCI ACWI 構成銘柄に絞り込む。
4. 各CountryでZスコアを計算。",20160430,99991231,2019-02-01 19:16:00,2019-03-26 09:27:51,
7,4,recommend,紹介(％),M,Z,auto,2,5,"**<u>データソース</u>**

・Web : sc_production(g***_review).recommend



**<u>更新タイミング</u>**

第3営業日　翌日　04:30



**<u>計算方法</u>**

1. 計算時点から過去3ヵ月のデータを取得。
2. 各銘柄の直近値を取得。

3. MSCI ACWI 構成銘柄に絞り込む。
4. 各CountryでZスコアを計算。",20160430,99991231,2019-02-01 19:16:00,2019-03-26 09:28:14,
8,3,ceo_rating,CEO承認(％),M,Z,auto,2,5,"**<u>データソース</u>**

・Web : sc_production(g***_review).ceo_rating



**<u>更新タイミング</u>**

第3営業日　翌日　04:30



**<u>計算方法</u>**

1. 計算時点から過去3ヵ月のデータを取得。
2. 各銘柄の直近値を取得。

3. MSCI ACWI 構成銘柄に絞り込む。
4. 各CountryでZスコアを計算。",20160430,99991231,2019-02-01 19:16:00,2019-03-26 09:28:34,
9,3,biz_outlook,ビジネス展望(％),M,Z,auto,2,5,"**<u>データソース</u>**

・Web : sc_production(g***_review).biz_outlook



**<u>更新タイミング</u>**

第3営業日　翌日　04:30



**<u>計算方法</u>**

1. 計算時点から過去3ヵ月のデータを取得。
2. 各銘柄の直近値を取得。

3. MSCI ACWI 構成銘柄に絞り込む。
4. 各CountryでZスコアを計算。",20160430,99991231,2019-02-01 19:16:00,2019-05-20 05:46:09,
10,4,good_workplace_wgp,働きがいのある会社企業_WGP,T,only 1,auto,2,1,"**<u>データソース</u>**

・Web : sc_production(good_work***)



**<u>更新タイミング</u>**

2月中旬(japan）/ 10月中旬(world)



**<u>計算方法</u>**

1. 計算時点（過去は、2月末日と10月末日。）でaward_region の値が、'JPN'と'WORLD'のそれぞれで取得できる直近award_yearのデータを取得。

　　過去は、以下のように処理。

​	A. 2017年2月28日の場合は、 JPNは2018。WORLDは2017の値を取得。

​	B. 2017年10月31日の場合は、 JPNは2018。WORLDは2018の値を取得。

2. codeに値がある銘柄（上場企業）にFlag 1 を付与。",20160215,99991231,2019-03-26 09:59:42,2019-07-03 03:29:01,
11,8,controversy_score_ms,コントラバーシー_MS,M,score,auto,2,0,"**<u>データソース</u>**

・Web : sc_production(\*\*\*_esg_controversies)



**<u>更新タイミング</u>**

月末最終日　12:00



**<u>計算方法</u>**

1. 計算日付の直近get_dateymdデータを取得。

2. score を下記の指揮で求める。

   score =  (controversy_score　- 10）/ 10  ",20180430,99991231,2019-03-27 01:13:23,2019-07-03 03:29:21,
12,8,environment_controversy_score_ms,環境コントラバーシー_MS,M,score,auto,2,0,"**<u>データソース</u>**

・Web : sc_production(\*\*\*_esg_controversies)



**<u>更新タイミング</u>**

月末最終日　12:00



**<u>計算方法</u>**

1. 計算日付の直近get_dateymdデータを取得。

2. score を下記の指揮で求める。

   score =  (environment_controversy_score - 10）/ 10  ",20180430,99991231,2019-03-27 01:13:23,2019-07-03 03:29:21,
13,8,customer_controversy_score_ms,顧客コントラバーシー_MS,M,score,auto,2,0,"**<u>データソース</u>**

・Web : sc_production(\*\*\*_esg_controversies)



**<u>更新タイミング</u>**

月末最終日　12:00



**<u>計算方法</u>**

1. 計算日付の直近get_dateymdデータを取得。

2. score を下記の指揮で求める。

   score =  (customer_controversy_score - 10）/ 10  ",20180430,99991231,2019-03-27 01:13:23,2019-07-03 03:29:21,
14,8,governance_controversy_score_ms,統制コントラバーシー_MS,M,score,auto,2,0,"**<u>データソース</u>**

・Web : sc_production(\*\*\*_esg_controversies)



**<u>更新タイミング</u>**

月末最終日　12:00



**<u>計算方法</u>**

1. 計算日付の直近get_dateymdデータを取得。

2. score を下記の指揮で求める。

   score =  (governance_controversy_score - 10）/ 10  ",20180430,99991231,2019-03-27 01:13:23,2019-07-03 03:29:21,
15,8,labor_rights_controversy_score_ms,労働者コントラバーシー_MS,M,score,auto,2,0,"**<u>データソース</u>**

・Web : sc_production(\*\*\*_esg_controversies)



**<u>更新タイミング</u>**

月末最終日　12:00



**<u>計算方法</u>**

1. 計算日付の直近get_dateymdデータを取得。

2. score を下記の指揮で求める。

   score =  (labor_rights_controversy_score - 10）/ 10  ",20180430,99991231,2019-03-27 01:13:23,2019-07-03 03:29:21,
16,8,human_rights_controversy_score_ms,人権コントラバーシー_MS,M,score,auto,2,0,"**<u>データソース</u>**

・Web : sc_production(\*\*\*_esg_controversies)



**<u>更新タイミング</u>**

月末最終日　12:00



**<u>計算方法</u>**

1. 計算日付の直近get_dateymdデータを取得。

2. score を下記の指揮で求める。

   score =  (human_rights_controversy_score - 10）/ 10  ",20180430,99991231,2019-03-27 01:13:23,2019-07-03 03:29:21,
17,11,bp_est_gdb,B/P(予想),M,Z,auto,1,2,,20160430,99991231,2019-04-01 09:54:37,2019-07-03 03:29:21,
18,11,bp_act_gdb,B/P(実績),M,Z,auto,1,2,,20160430,99991231,2019-04-01 09:55:58,2019-07-03 03:29:21,
19,11,ep_est_gdb,E/P(予想),M,Z,auto,1,2,,20160430,99991231,2019-04-01 09:56:50,2019-07-03 03:29:21,
20,11,ep_act_gdb,E/P(実績),M,Z,auto,1,2,,20160430,99991231,2019-04-01 09:56:50,2019-07-03 03:29:21,
21,11,dp_est_gdb,D/P(予想),M,Z,auto,1,2,,20160430,99991231,2019-04-01 09:56:50,2019-07-03 03:29:21,
22,11,dp_act_gdb,D/P(実績),M,Z,auto,1,2,,20160430,99991231,2019-04-01 09:56:50,2019-07-03 03:29:21,
23,11,sp_est_gdb,S/P(予想),M,Z,auto,1,2,,20160430,99991231,2019-04-01 09:56:50,2019-07-03 03:29:21,
24,11,sp_act_gdb,S/P(実績),M,Z,auto,1,2,,20160430,99991231,2019-04-01 09:56:50,2019-07-03 03:29:21,
25,11,ebitdaev_est_gdb,EBITDA/EV(予想),M,Z,auto,1,2,,20160430,99991231,2019-04-01 09:56:50,2019-07-03 03:29:21,
26,11,ebitdaev_act_gdb,EBITDA/EV(実績),M,Z,auto,1,2,,20160430,99991231,2019-04-01 09:56:50,2019-07-03 03:29:21,
27,11,cfp_est_gdb,CF/P(予想),M,Z,auto,1,2,,20160430,99991231,2019-04-01 09:56:50,2019-07-03 03:29:21,
28,11,cfp_act_gdb,CF/P(実績),M,Z,auto,1,2,,20160430,99991231,2019-04-01 09:56:50,2019-07-03 03:29:21,
29,11,ocfp_gdb,OperationalCF/P,M,Z,auto,1,2,,20160430,99991231,2019-04-01 09:56:50,2019-07-03 03:29:21,
30,11,fcfp_gdb,FCFP,M,Z,auto,1,2,,20160430,99991231,2019-04-01 09:56:50,2019-07-03 03:29:21,
31,11,rdp_gdb,R&D_Expense/Market_Value,M,Z,auto,1,2,,20160430,99991231,2019-04-01 09:56:50,2019-07-03 03:29:21,
32,11,maratio_gdb,M&A_Ratio,M,Z,auto,1,2,,20160430,99991231,2019-04-01 09:56:50,2019-07-03 03:29:22,
33,11,dlt_ep3_gdb,ΔEP_3M,M,Z,auto,1,2,,20160430,99991231,2019-04-01 09:56:50,2019-07-03 03:29:22,
34,11,dlt_ep6_gdb,ΔEP_6M,M,Z,auto,1,2,,20160430,99991231,2019-04-01 09:56:50,2019-07-03 03:29:22,
35,11,tobin_q_gdb,Tobin's q theory,M,Z,auto,1,2,,20160430,99991231,2019-04-01 09:56:51,2019-07-03 03:29:22,
36,12,roe_est_gdb,ROE(予想),M,Z,auto,1,2,,20160430,99991231,2019-04-01 09:56:51,2019-07-03 03:29:22,
37,12,roe_act_gdb,ROE(実績),M,Z,auto,1,2,,20160430,99991231,2019-04-01 09:56:51,2019-07-03 03:29:22,
38,12,roa_est_gdb,ROA(予想),M,Z,auto,1,2,,20160430,99991231,2019-04-01 09:56:51,2019-07-03 03:29:22,
39,12,roa_act_gdb,ROA(実績),M,Z,auto,1,2,,20160430,99991231,2019-04-01 09:56:51,2019-07-03 03:29:22,
40,12,roic_est_gdb,ROIC(予想),M,Z,auto,1,2,,20160430,99991231,2019-04-01 09:56:51,2019-07-03 03:29:22,
41,12,roic_act_gdb,ROIC(実績),M,Z,auto,1,2,,20160430,99991231,2019-04-01 09:56:51,2019-07-03 03:29:22,
42,12,gpa_act_gdb,Gross_Profit/Asset(実績),M,Z,auto,1,2,,20160430,99991231,2019-04-01 09:56:51,2019-07-03 03:29:22,
43,12,gpa_act_fy_gdb,Gross_Profit/Asset_fy(実績),M,Z,auto,1,2,,20160430,99991231,2019-04-01 09:56:51,2019-07-03 03:29:22,
44,12,gm_act_gdb,売上高粗利益率(実績),M,Z,auto,1,2,,20160430,99991231,2019-04-01 09:56:51,2019-07-03 03:29:22,
45,12,nis_est_gdb,売上高純利益率(予想),M,Z,auto,1,2,,20160430,99991231,2019-04-01 09:56:51,2019-07-03 03:29:22,
46,12,nis_act_gdb,売上高純利益率(実績),M,Z,auto,1,2,,20160430,99991231,2019-04-01 09:56:51,2019-07-03 03:29:22,
47,12,ois_est_gdb,売上高営業利益率(予想),M,Z,auto,1,2,,20160430,99991231,2019-04-01 09:56:51,2019-07-03 03:29:22,
48,12,ois_act_gdb,売上高営業利益率(実績),M,Z,auto,1,2,,20160430,99991231,2019-04-01 09:56:51,2019-07-03 03:29:22,
49,12,ocfs_gdb,売上高営業CF比率(実績),M,Z,auto,1,2,,20160430,99991231,2019-04-01 09:56:51,2019-07-03 03:29:22,
50,12,prof_gdb,Profitability,M,Z,auto,1,2,,20160430,99991231,2019-04-01 09:56:51,2019-07-03 03:29:22,
51,12,prof_ball_bs_fy_gdb,Profitability_ball_bs_fy,M,Z,auto,1,2,,20160430,99991231,2019-04-01 09:56:51,2019-07-03 03:29:22,
52,13,ltg_gdb,長期EPS成長率(予想),M,Z,auto,1,2,,20160430,99991231,2019-04-01 09:56:51,2019-07-03 03:29:22,
53,13,sales_grw_gdb,売上高成長率(実績),M,Z,auto,1,2,,20160430,99991231,2019-04-01 09:56:51,2019-07-03 03:29:22,
54,13,oi_grw_gdb,営業利益成長率(実績),M,Z,auto,1,2,,20160430,99991231,2019-04-01 09:56:51,2019-07-03 03:29:22,
55,13,eps_grw_gdb,EPS成長率(予想),M,Z,auto,1,2,,20160430,99991231,2019-04-01 09:56:51,2019-07-03 03:29:22,
56,13,ni_grw_gdb,利益成長率(実績),M,Z,auto,1,2,,20160430,99991231,2019-04-01 09:56:51,2019-07-03 03:29:22,
57,13,ppe_grw_gdb,PPE成長率(実績),M,Z,auto,1,2,,20160430,99991231,2019-04-01 09:56:51,2019-07-03 03:29:22,
58,13,ta_grw_gdb,総資産成長率(実績),M,Z,auto,1,2,,20160430,99991231,2019-04-01 09:56:51,2019-07-03 03:29:22,
59,13,ta_grw_fy_gdb,総資産成長率_fy(実績),M,Z,auto,1,2,,20160430,99991231,2019-04-01 09:56:51,2019-07-03 03:29:22,
60,13,invent_grw_gdb,棚卸資産成長率(実績),M,Z,auto,1,2,,20160430,99991231,2019-04-01 09:56:51,2019-07-03 03:29:22,
61,13,eq_grw_gdb,自己資本成長率(実績),M,Z,auto,1,2,,20160430,99991231,2019-04-01 09:56:51,2019-07-03 03:29:22,
62,13,capex_grw_gdb,設備投資成長率(実績),M,Z,auto,1,2,,20160430,99991231,2019-04-01 09:56:51,2019-07-03 03:29:22,
63,13,ia_gdb,Investment_to_Asset,M,Z,auto,1,2,,20160430,99991231,2019-04-01 09:56:51,2019-07-03 03:29:22,
64,17,csi_gdb,CSI,M,Z,auto,1,2,,20160430,99991231,2019-04-01 09:56:51,2019-07-03 03:29:22,
65,13,rev1p_gdb,Revision1,M,Z,auto,1,2,,20160430,99991231,2019-04-01 09:56:51,2019-07-03 03:29:22,
66,13,rev1r_gdb,Revision1(ローゼンバーグ方式),M,Z,auto,1,2,,20160430,99991231,2019-04-01 09:56:51,2019-07-03 03:29:23,
67,13,rev3p_gdb,Revision3,M,Z,auto,1,2,,20160430,99991231,2019-04-01 09:56:51,2019-07-03 03:29:23,
68,13,rev3r_gdb,Revision3(ローゼンバーグ方式),M,Z,auto,1,2,,20160430,99991231,2019-04-01 09:56:51,2019-07-03 03:29:23,
69,14,mom1_gdb,Momentum_1M,M,Z,auto,1,2,,20160430,99991231,2019-04-01 09:56:51,2019-07-03 03:29:23,
70,14,mom12_gdb,Momentum_12M,M,Z,auto,1,2,,20160430,99991231,2019-04-01 09:56:51,2019-07-03 03:29:23,
71,14,mom12_1_gdb,Momentum_12-1M,M,Z,auto,1,2,,20160430,99991231,2019-04-01 09:56:51,2019-07-03 03:29:23,
72,14,mom60_gdb,Momentum_60M,M,Z,auto,1,2,,20160430,99991231,2019-04-01 09:56:51,2019-07-03 03:29:23,
73,14,vola60_gdb,Volatility_60M,M,Z,auto,1,2,,20160430,99991231,2019-04-01 09:56:52,2019-07-03 03:29:23,
74,14,skew60_gdb,Skewness_60M,M,Z,auto,1,2,,20160430,99991231,2019-04-01 09:56:52,2019-07-03 03:29:23,
75,16,tover_gdb,Turnover,M,Z,auto,1,2,,20160430,99991231,2019-04-01 09:56:52,2019-07-03 03:29:23,
76,16,illiq_gdb,Amihud非流動性指標,M,Z,auto,1,2,,20160430,99991231,2019-04-01 09:56:52,2019-07-03 03:29:23,
77,15,doe_gdb,Dividentd_on_Equity,M,Z,auto,1,2,,20160430,99991231,2019-04-01 09:56:52,2019-07-03 03:29:23,
78,15,buyback_gdb,自社株買い,M,Z,auto,1,2,,20160430,99991231,2019-04-01 09:56:52,2019-07-03 03:29:23,
79,15,gpy_gdb,Gross Payout Yield,M,Z,auto,1,2,,20160430,99991231,2019-04-01 09:56:52,2019-07-03 03:29:23,
80,15,npy_gdb,Net Payout Yield,M,Z,auto,1,2,,20160430,99991231,2019-04-01 09:56:52,2019-07-03 03:29:23,
81,15,acc_bs_gdb,Accruals(BS),M,Z,auto,1,2,,20160430,99991231,2019-04-01 09:56:52,2019-07-03 03:29:23,
82,15,acc_cf_gdb,Accruals(CF),M,Z,auto,1,2,,20160430,99991231,2019-04-01 09:56:52,2019-07-03 03:29:23,
83,15,acc_cf2_gdb,Accruals(CF2),M,Z,auto,1,2,,20160430,99991231,2019-04-01 09:56:52,2019-07-03 03:29:23,
84,13,xfin_bs_gdb,外部ファイナンス(BS),M,Z,auto,1,2,,20160430,99991231,2019-04-01 09:56:52,2019-07-03 03:29:23,
85,13,xfin_cf_gdb,外部ファイナンス(CF),M,Z,auto,1,2,,20160430,99991231,2019-04-01 09:56:52,2019-07-03 03:29:23,
86,13,xfin_sp_gdb,外部ファイナンス(SP),M,Z,auto,1,2,,20160430,99991231,2019-04-01 09:56:52,2019-07-03 03:29:23,
87,15,curr_gdb,流動比率(実績),M,Z,auto,1,2,,20160430,99991231,2019-04-01 09:56:52,2019-07-03 03:29:23,
88,12,ta_to_gdb,総資産回転率(実績),M,Z,auto,1,2,,20160430,99991231,2019-04-01 09:56:52,2019-07-03 03:29:23,
89,12,rec_to_gdb,売上債権回転率(実績),M,Z,auto,1,2,,20160430,99991231,2019-04-01 09:56:52,2019-07-03 03:29:23,
90,12,invent_to_gdb,在庫回転率(実績),M,Z,auto,1,2,,20160430,99991231,2019-04-01 09:56:52,2019-07-03 03:29:23,
91,15,acpy_to_gdb,仕入債務回転率(実績),M,Z,auto,1,2,,20160430,99991231,2019-04-01 09:56:52,2019-07-03 03:29:23,
92,15,ccc_gdb,キャッシュコンバージョンサイクル,M,Z,auto,1,2,,20160430,99991231,2019-04-01 09:56:52,2019-07-03 03:29:23,
93,12,sales_bep_gdb,Sales/Breakeven_Point(実績),M,Z,auto,1,2,,20160430,99991231,2019-04-01 09:56:52,2019-07-03 03:29:23,
94,15,eqr_gdb,自己資本比率,M,Z,auto,1,2,,20160430,99991231,2019-04-01 09:56:52,2019-07-03 03:29:23,
95,15,wk_ta_gdb,Working_Capital/Total_Asset(実績),M,Z,auto,1,2,,20160430,99991231,2019-04-01 09:56:52,2019-07-03 03:29:23,
96,15,re_ta_gdb,Retained_Earnings/Total_Asset(実績),M,Z,auto,1,2,,20160430,99991231,2019-04-01 09:56:52,2019-07-03 03:29:23,
97,12,ebit_ta_gdb,EBIT/Total_Asset(実績),M,Z,auto,1,2,,20160430,99991231,2019-04-01 09:56:52,2019-07-03 03:29:23,
98,15,mve_tl_gdb,Market_Value/Total_Liability(実績),M,Z,auto,1,2,,20160430,99991231,2019-04-01 09:56:52,2019-07-03 03:29:23,
99,12,sales_ta_gdb,Sales/Total_Assets(実績),M,Z,auto,1,2,,20160430,99991231,2019-04-01 09:56:52,2019-07-03 03:29:23,
100,12,sga_ta_gdb,Sales_Growth_Index/Total_Assets(実績),M,Z,auto,1,2,,20160430,99991231,2019-04-01 09:56:52,2019-07-03 03:29:23,
101,12,rd_ta_gdb,Research_Development/Total_Assets(実績),M,Z,auto,1,2,,20160430,99991231,2019-04-01 09:56:52,2019-07-03 03:29:23,
102,12,ocf_ta_gdb,Operating_Cash-Flow/Total_Assets(実績),M,Z,auto,1,2,,20160430,99991231,2019-04-01 09:56:52,2019-07-03 03:29:24,
103,15,eq_tl_gdb,レバレッジ(実績),M,Z,auto,1,2,,20160430,99991231,2019-04-01 09:56:52,2019-07-03 03:29:24,
104,15,tdint_gdb,Total debt / Interest_Paid(実績),M,Z,auto,1,2,,20160430,99991231,2019-04-01 09:56:52,2019-07-03 03:29:24,
105,12,ocftd_gdb,Operating_Cash-Flow/Total_Debt(実績),M,Z,auto,1,2,,20160430,99991231,2019-04-01 09:56:52,2019-07-03 03:29:24,
106,11,peg_est_gdb,PE Growth(予想),M,Z,auto,1,2,,20160430,99991231,2019-04-01 09:56:52,2019-07-03 03:29:24,
107,11,peg_act_gdb,PE Growth(実績),M,Z,auto,1,2,,20160430,99991231,2019-04-01 09:56:52,2019-07-03 03:29:24,
108,15,dsr_gdb,Delta_Sales_Receivable_Ratio,M,Z,auto,1,2,,20160430,99991231,2019-04-01 09:56:52,2019-07-03 03:29:24,
109,12,gmi_gdb,Gross_Margin_Increase,M,Z,auto,1,2,,20160430,99991231,2019-04-01 09:56:52,2019-07-03 03:29:24,
110,15,aqi_gdb,Asset_Quality_Index,M,Z,auto,1,2,,20160430,99991231,2019-04-01 09:56:52,2019-07-03 03:29:24,
111,13,sgi_gdb,Sales_Growth_Index,M,Z,auto,1,2,,20160430,99991231,2019-04-01 09:56:52,2019-07-03 03:29:24,
112,15,depi_gdb,DEPreciation_Index,M,Z,auto,1,2,,20160430,99991231,2019-04-01 09:56:53,2019-07-03 03:29:24,
113,12,sgai_gdb,"Selling,General&Administrative_Index",M,Z,auto,1,2,,20160430,99991231,2019-04-01 09:56:53,2019-07-03 03:29:24,
114,12,levi_gdb,LEVerage_Index,M,Z,auto,1,2,,20160430,99991231,2019-04-01 09:56:53,2019-07-03 03:29:24,
115,15,eiss_gdb,EISS,M,Z,auto,1,2,,20160430,99991231,2019-04-01 09:56:53,2019-07-03 03:29:24,
116,15,diss_gdb,DISS,M,Z,auto,1,2,,20160430,99991231,2019-04-01 09:56:53,2019-07-03 03:29:24,
117,15,npop_gdb,NPOP,M,Z,auto,1,2,,20160430,99991231,2019-04-01 09:56:53,2019-07-03 03:29:24,
118,13,dlt_gpa_5y_gdb,ΔGPA_5Y,M,Z,auto,1,2,,20160430,99991231,2019-04-01 09:56:53,2019-07-03 03:29:24,
119,13,dlt_roe_5y_gdb,ΔROE_5Y,M,Z,auto,1,2,,20160430,99991231,2019-04-01 09:56:53,2019-07-03 03:29:24,
120,13,dlt_roa_5y_gdb,ΔROA_5Y,M,Z,auto,1,2,,20160430,99991231,2019-04-01 09:56:53,2019-07-03 03:29:24,
121,13,dlt_ocfa_5y_gdb,ΔOCFA_5Y,M,Z,auto,1,2,,20160430,99991231,2019-04-01 09:56:53,2019-07-03 03:29:24,
122,13,dlt_gps_5y_gdb,ΔGPS_5Y,M,Z,auto,1,2,,20160430,99991231,2019-04-01 09:56:53,2019-07-03 03:29:24,
123,12,td_ta_gdb,Total_Debt/Total_Asset(実績),M,Z,auto,1,2,,20160430,99991231,2019-04-01 09:56:53,2019-07-03 03:29:24,
124,12,tl_ta_gdb,Total_Liability/Total_Asset(実績),M,Z,auto,1,2,,20160430,99991231,2019-04-01 09:56:53,2019-07-03 03:29:24,
125,12,ni_ta_gdb,NIBX/Total_Asset(実績),M,Z,auto,1,2,,20160430,99991231,2019-04-01 09:56:53,2019-07-03 03:29:24,
126,12,pti_tl_gdb,PREINC/Total_Liability(実績),M,Z,auto,1,2,,20160430,99991231,2019-04-01 09:56:53,2019-07-03 03:29:24,
127,15,intwo_gdb,INTWO,M,binary,auto,1,2,,20160430,99991231,2019-04-01 09:56:53,2019-07-03 03:29:24,
128,13,chin_gdb,CHIN,M,Z,auto,1,2,,20160430,99991231,2019-04-01 09:56:53,2019-07-03 03:29:24,
129,17,noa_fy_gdb,NOA_fy,M,Z,auto,1,2,,20160430,99991231,2019-04-01 09:56:53,2019-07-03 03:29:24,
130,17,noa_grw_fy_gdb,ΔNOA_fy,M,Z,auto,1,2,,20160430,99991231,2019-04-01 09:56:53,2019-07-03 03:29:24,
131,11,mv_usd_gdb,株式時価総額(サイズ）,M,Z,auto,1,2,,20160430,99991231,2019-04-01 09:56:53,2019-07-03 03:29:24,
132,11,tmv_usd_gdb,企業時価総額(サイズ）,M,Z,auto,1,2,,20160430,99991231,2019-04-01 09:56:53,2019-07-03 03:29:24,
133,15,oscore_gdb,Ohlson’s_o-score,M,Z,auto,1,2,,20160430,99991231,2019-04-01 09:56:53,2019-07-03 03:29:24,
134,15,zscore_gdb,Altman’s_z-score,M,Z,auto,1,2,,20160430,99991231,2019-04-01 09:56:53,2019-07-03 03:29:24,
135,15,mscore_gdb,MSCORE,M,Z,auto,1,2,,20160430,99991231,2019-04-01 09:56:53,2019-07-03 03:29:24,
200,1,ai_factor_msciex_chnA_twn,AIファクターウェイティングMSCIexCHNA_TWN,M,Z,auto,1,2, ,19000101,99991231,2019-10-10 23:43:31,2019-10-10 23:43:56,
340,19,nam_6_pillars_environment_global_issue_score,nam_6_pillars_environment_global_issue_score,M,score,auto,1,1,,20130131,20191130,2019-12-12 20:29:00,2019-12-12 20:29:00,
341,19,nam_6_pillars_environment_global_issue_score_diff,nam_6_pillars_environment_global_issue_score_diff,M,score,auto,1,1,,20130131,20191130,2019-12-12 20:29:00,2019-12-12 20:29:00,
342,19,nam_6_pillars_environment_social_stakeholder_score,nam_6_pillars_environment_social_stakeholder_score,M,score,auto,1,1,,20130131,20191130,2019-12-12 20:29:00,2019-12-12 20:29:00,
343,19,nam_6_pillars_environment_social_stakeholder_score,nam_6_pillars_environment_social_stakeholder_score,M,score,auto,1,1,,20130131,20191130,2019-12-12 20:29:00,2019-12-12 20:29:00,
344,20,nam_6_pillars_social_global_issue_score,nam_6_pillars_social_global_issue_score,M,score,auto,1,1,,20130131,20191130,2019-12-12 20:29:00,2019-12-12 20:29:00,
345,20,nam_6_pillars_social_global_issue_score_diff,nam_6_pillars_social_global_issue_score_diff,M,score,auto,1,1,,20130131,20191130,2019-12-12 20:29:00,2019-12-12 20:29:00,
346,20,nam_6_pillars_social_social_stakeholder_score,nam_6_pillars_social_social_stakeholder_score,M,score,auto,1,1,,20130131,20191130,2019-12-12 20:29:00,2019-12-12 20:29:00,
347,20,nam_6_pillars_social_social_stakeholder_score_diff,nam_6_pillars_social_social_stakeholder_score_diff,M,score,auto,1,1,,20130131,20191130,2019-12-12 20:29:00,2019-12-12 20:29:00,
348,21,nam_6_pillars_governance_score,nam_6_pillars_governance_score,M,score,auto,1,1,,20130131,20191130,2019-12-12 20:29:00,2019-12-12 20:29:00,
349,21,nam_6_pillars_governance_score_diff,nam_6_pillars_governance_score_diff,M,score,auto,1,1,,20130131,20191130,2019-12-12 20:29:00,2019-12-12 20:29:00,
350,21,nam_6_pillars_behavior_score,nam_6_pillars_behavior_score,M,score,auto,1,1,,20130131,20191130,2019-12-12 20:29:00,2019-12-12 20:29:00,
351,21,nam_6_pillars_behavior_score_diff,nam_6_pillars_behavior_score_diff,M,score,auto,1,1,,20130131,20191130,2019-12-12 20:29:00,2019-12-12 20:29:00,
352,19,nam_3_pillars_6_e_score,nam_3_pillars_6_e_score,M,score,auto,1,1,,20130131,20191130,2019-12-12 20:29:00,2019-12-12 20:29:00,
353,20,nam_3_pillars_6_s_score ,nam_3_pillars_6_s_score ,M,score,auto,1,1,,20130131,20191130,2019-12-12 20:29:00,2019-12-12 20:29:00,
354,21,nam_3_pillars_6_g_score,nam_3_pillars_6_g_score,M,score,auto,1,1,,20130131,20191130,2019-12-12 20:29:00,2019-12-12 20:29:00,
355,18,nam_1_pillars_3_esg_score,nam_1_pillars_3_esg_score,M,score,auto,1,1,,20130131,20191130,2019-12-12 20:29:00,2019-12-12 20:29:00,
399,18,TVLM Factor,TVLEMファクター,D,Z,auto,2,1, ,19000101,99991231,2019-11-26 04:29:25,2019-11-27 05:34:40,
400,18,tvl,TVLファクター,D,score,auto,2,1,,19000101,99991231,2020-11-25 04:10:53,2020-11-25 04:11:20,
401,1,ai_factor_daily_RGA_EM,日次AIファクターウェイティングRGA_EM,D,Z,auto,2,2, ,20160801,99991231,2022-04-13 01:28:50,2022-04-27 09:03:00,
402,18,tvl_v3,TVL_v3ファクター,D,score,auto,2,1,,19000101,99991231,2020-11-25 04:10:53,2020-11-25 04:11:20,
