score_name,description,model,target,variant,smooth_halflife,value,n_files,date_min,date_max,n_bid_mean,ic_drtn_1m,icir_drtn_1m,ic_drtn_3m,spread_q5q1_pct,turnover_ls,run_dir,config,exported_at
dnn__baseline,"DNN（MLP, シード 5）。ターゲット drtn_1m。特徴量: 基本ファクター＋ラグ・変化率",dnn,drtn_1m,,0.0,within-date z-score,165,2012-12-31,2026-08-31,401.8,0.0652,0.4657,0.0775,1.221,,/Users/inu/workspace/india-ai-model/runs/dnn/baseline,configs/dnn.yaml,2026-10-01 20:01
dnn__baseline_hl1,"DNN（MLP, シード 5）。ターゲット drtn_1m。特徴量: 基本ファクター＋ラグ・変化率。EMA 平滑化（半減期 1 ヶ月）",dnn,drtn_1m,,1.0,within-date z-score,165,2012-12-31,2026-08-31,401.8,0.0652,0.4657,0.0775,1.221,,/Users/inu/workspace/india-ai-model/runs/dnn/baseline,configs/dnn.yaml,2026-10-01 20:01
dnn__drtn_masked,"DNN（MLP, シード 5）。ターゲット drtn_1m。特徴量: 基本ファクター＋ラグ・変化率",dnn,drtn_1m,,0.0,within-date z-score,165,2012-12-31,2026-08-31,401.8,0.0652,0.4659,0.0775,1.221,,/Users/inu/workspace/india-ai-model/runs/dnn/drtn_masked,configs/dnn.yaml,2026-10-01 20:01
dnn__drtn_masked_hl1,"DNN（MLP, シード 5）。ターゲット drtn_1m。特徴量: 基本ファクター＋ラグ・変化率。EMA 平滑化（半減期 1 ヶ月）",dnn,drtn_1m,,1.0,within-date z-score,165,2012-12-31,2026-08-31,401.8,0.0652,0.4659,0.0775,1.221,,/Users/inu/workspace/india-ai-model/runs/dnn/drtn_masked,configs/dnn.yaml,2026-10-01 20:01
dnn__srtn,"DNN（MLP, シード 5）。ターゲット srtn_1m。特徴量: 基本ファクター＋ラグ・変化率",dnn,srtn_1m,,0.0,within-date z-score,165,2012-12-31,2026-08-31,401.8,0.0437,0.404,,,,/Users/inu/workspace/india-ai-model/runs/dnn/srtn,configs/dnn.yaml,2026-10-01 20:01
dnn__srtn_hl1,"DNN（MLP, シード 5）。ターゲット srtn_1m。特徴量: 基本ファクター＋ラグ・変化率。EMA 平滑化（半減期 1 ヶ月）",dnn,srtn_1m,,1.0,within-date z-score,165,2012-12-31,2026-08-31,401.8,0.0437,0.404,,,,/Users/inu/workspace/india-ai-model/runs/dnn/srtn,configs/dnn.yaml,2026-10-01 20:01
dnn_attn,"DNN（cross-sectional attention, シード 5）。ターゲット drtn_1m。特徴量: 基本ファクター＋ラグ・変化率",dnn,drtn_1m,attn,0.0,within-date z-score,165,2012-12-31,2026-08-31,401.8,0.0674,0.468,0.0834,1.275,,/Users/inu/workspace/india-ai-model/runs/dnn_attn/exp,configs/dnn_attn.yaml,2026-10-01 20:01
dnn_attn_hl1,"DNN（cross-sectional attention, シード 5）。ターゲット drtn_1m。特徴量: 基本ファクター＋ラグ・変化率。EMA 平滑化（半減期 1 ヶ月）",dnn,drtn_1m,attn,1.0,within-date z-score,165,2012-12-31,2026-08-31,401.8,0.0674,0.468,0.0834,1.275,,/Users/inu/workspace/india-ai-model/runs/dnn_attn/exp,configs/dnn_attn.yaml,2026-10-01 20:01
dnn_attn_peer,"DNN（cross-sectional attention, シード 5）。ターゲット drtn_1m。特徴量: 基本ファクター＋ラグ・変化率、industry_group 内ピア相対",dnn,drtn_1m,"attn,peer",0.0,within-date z-score,165,2012-12-31,2026-08-31,401.8,0.0745,0.5613,0.089,1.506,,/Users/inu/workspace/india-ai-model/runs/dnn_attn_peer/exp,configs/dnn_attn_peer.yaml,2026-10-01 20:01
dnn_attn_peer_hl1,"DNN（cross-sectional attention, シード 5）。ターゲット drtn_1m。特徴量: 基本ファクター＋ラグ・変化率、industry_group 内ピア相対。EMA 平滑化（半減期 1 ヶ月）",dnn,drtn_1m,"attn,peer",1.0,within-date z-score,165,2012-12-31,2026-08-31,401.8,0.0705,0.5062,0.089,1.506,0.3324,/Users/inu/workspace/india-ai-model/runs/dnn_attn_peer/exp,configs/dnn_attn_peer.yaml,2026-10-01 20:01
dnn_attn_peer_na_cpr_s10,"DNN（cross-sectional attention, シード 10）。ターゲット drtn_1m。特徴量: 基本ファクター＋ラグ・変化率、industry_group 内ピア相対、リターン相関ピア相対（drtn, corr）、欠損フラグ",dnn,drtn_1m,"attn,seeds=10,peer,cpr,na",0.0,within-date z-score,165,2012-12-31,2026-08-31,401.8,0.0777,0.5541,0.0929,1.563,0.5929,/Users/inu/workspace/india-ai-model/runs/dnn_attn_peer_na_cpr_s10/exp,configs/dnn_attn_peer_na_cpr_s10.yaml,2026-10-01 20:01
dnn_attn_peer_na_cpr_s10_hl1,"DNN（cross-sectional attention, シード 10）。ターゲット drtn_1m。特徴量: 基本ファクター＋ラグ・変化率、industry_group 内ピア相対、リターン相関ピア相対（drtn, corr）、欠損フラグ。EMA 平滑化（半減期 1 ヶ月）",dnn,drtn_1m,"attn,seeds=10,peer,cpr,na",1.0,within-date z-score,165,2012-12-31,2026-08-31,401.8,0.0732,0.4998,0.0929,1.563,0.3211,/Users/inu/workspace/india-ai-model/runs/dnn_attn_peer_na_cpr_s10/exp,configs/dnn_attn_peer_na_cpr_s10.yaml,2026-10-01 20:01
dnn_peer,"DNN（MLP, シード 5）。ターゲット drtn_1m。特徴量: 基本ファクター＋ラグ・変化率、industry_group 内ピア相対",dnn,drtn_1m,peer,0.0,within-date z-score,165,2012-12-31,2026-08-31,401.8,0.0736,0.5397,0.0883,1.578,,/Users/inu/workspace/india-ai-model/runs/dnn_peer/exp,configs/dnn_peer.yaml,2026-10-01 20:01
dnn_peer_3m,"DNN（MLP, シード 5）。ターゲット drtn_3m。特徴量: 基本ファクター＋ラグ・変化率、industry_group 内ピア相対",dnn,drtn_3m,peer,0.0,within-date z-score,165,2012-12-31,2026-08-31,401.8,0.0634,0.4326,0.0837,1.243,0.465,/Users/inu/workspace/india-ai-model/runs/dnn_peer_3m/exp,configs/dnn_peer_3m.yaml,2026-10-01 20:01
dnn_peer_3m_hl1,"DNN（MLP, シード 5）。ターゲット drtn_3m。特徴量: 基本ファクター＋ラグ・変化率、industry_group 内ピア相対。EMA 平滑化（半減期 1 ヶ月）",dnn,drtn_3m,peer,1.0,within-date z-score,165,2012-12-31,2026-08-31,401.8,0.0628,0.4224,0.0837,1.243,0.2606,/Users/inu/workspace/india-ai-model/runs/dnn_peer_3m/exp,configs/dnn_peer_3m.yaml,2026-10-01 20:01
dnn_peer_cpr,"DNN（MLP, シード 5）。ターゲット drtn_1m。特徴量: 基本ファクター＋ラグ・変化率、industry_group 内ピア相対、リターン相関ピア相対（drtn, corr）",dnn,drtn_1m,"peer,cpr",0.0,within-date z-score,165,2012-12-31,2026-08-31,401.8,0.0747,0.563,0.0914,1.624,0.6297,/Users/inu/workspace/india-ai-model/runs/dnn_peer_cpr/exp,configs/dnn_peer_cpr.yaml,2026-10-01 20:01
dnn_peer_cpr_hl1,"DNN（MLP, シード 5）。ターゲット drtn_1m。特徴量: 基本ファクター＋ラグ・変化率、industry_group 内ピア相対、リターン相関ピア相対（drtn, corr）。EMA 平滑化（半減期 1 ヶ月）",dnn,drtn_1m,"peer,cpr",1.0,within-date z-score,165,2012-12-31,2026-08-31,401.8,0.072,0.5172,0.0914,1.624,0.3445,/Users/inu/workspace/india-ai-model/runs/dnn_peer_cpr/exp,configs/dnn_peer_cpr.yaml,2026-10-01 20:01
dnn_peer_hl1,"DNN（MLP, シード 5）。ターゲット drtn_1m。特徴量: 基本ファクター＋ラグ・変化率、industry_group 内ピア相対。EMA 平滑化（半減期 1 ヶ月）",dnn,drtn_1m,peer,1.0,within-date z-score,165,2012-12-31,2026-08-31,401.8,0.0705,0.4921,0.0883,1.578,0.3352,/Users/inu/workspace/india-ai-model/runs/dnn_peer/exp,configs/dnn_peer.yaml,2026-10-01 20:01
dnn_peer_na,"DNN（MLP, シード 5）。ターゲット drtn_1m。特徴量: 基本ファクター＋ラグ・変化率、industry_group 内ピア相対、欠損フラグ",dnn,drtn_1m,"peer,na",0.0,within-date z-score,165,2012-12-31,2026-08-31,401.8,0.076,0.5382,0.093,1.667,0.5606,/Users/inu/workspace/india-ai-model/runs/dnn_peer_na/exp,configs/dnn_peer_na.yaml,2026-10-01 20:01
dnn_peer_na_cpr,"DNN（MLP, シード 5）。ターゲット drtn_1m。特徴量: 基本ファクター＋ラグ・変化率、industry_group 内ピア相対、リターン相関ピア相対（drtn, corr）、欠損フラグ",dnn,drtn_1m,"peer,cpr,na",0.0,within-date z-score,165,2012-12-31,2026-08-31,401.8,0.0772,0.587,0.0935,1.668,0.6046,/Users/inu/workspace/india-ai-model/runs/dnn_peer_na_cpr/exp,configs/dnn_peer_na_cpr.yaml,2026-10-01 20:01
dnn_peer_na_cpr_ae_s10,"DNN（MLP, シード 10）。ターゲット drtn_1m。特徴量: 基本ファクター＋ラグ・変化率、industry_group 内ピア相対、リターン相関ピア相対（drtn, corr）、欠損フラグ。masked AE で欠損補完",dnn,drtn_1m,"seeds=10,peer,cpr,na,ae",0.0,within-date z-score,165,2012-12-31,2026-08-31,401.8,0.0783,0.5892,0.0946,1.623,0.6049,/Users/inu/workspace/india-ai-model/runs/dnn_peer_na_cpr_ae_s10/exp,configs/dnn_peer_na_cpr_ae_s10.yaml,2026-10-01 20:01
dnn_peer_na_cpr_ae_s10_hl1,"DNN（MLP, シード 10）。ターゲット drtn_1m。特徴量: 基本ファクター＋ラグ・変化率、industry_group 内ピア相対、リターン相関ピア相対（drtn, corr）、欠損フラグ。masked AE で欠損補完。EMA 平滑化（半減期 1 ヶ月）",dnn,drtn_1m,"seeds=10,peer,cpr,na,ae",1.0,within-date z-score,165,2012-12-31,2026-08-31,401.8,0.0741,0.5268,0.0946,1.623,0.3273,/Users/inu/workspace/india-ai-model/runs/dnn_peer_na_cpr_ae_s10/exp,configs/dnn_peer_na_cpr_ae_s10.yaml,2026-10-01 20:01
dnn_peer_na_cpr_hl1,"DNN（MLP, シード 5）。ターゲット drtn_1m。特徴量: 基本ファクター＋ラグ・変化率、industry_group 内ピア相対、リターン相関ピア相対（drtn, corr）、欠損フラグ。EMA 平滑化（半減期 1 ヶ月）",dnn,drtn_1m,"peer,cpr,na",1.0,within-date z-score,165,2012-12-31,2026-08-31,401.8,0.0732,0.5279,0.0935,1.668,0.3274,/Users/inu/workspace/india-ai-model/runs/dnn_peer_na_cpr/exp,configs/dnn_peer_na_cpr.yaml,2026-10-01 20:01
dnn_peer_na_cpr_kernel,"DNN（MLP, シード 5）。ターゲット drtn_1m。特徴量: 基本ファクター＋ラグ・変化率、industry_group 内ピア相対、リターン相関ピア相対（drtn, corr, kernel）、欠損フラグ",dnn,drtn_1m,"peer,cpr,kernel,na",0.0,within-date z-score,165,2012-12-31,2026-08-31,401.8,0.0756,0.5731,0.092,1.657,0.5978,/Users/inu/workspace/india-ai-model/runs/dnn_peer_na_cpr_kernel/exp,configs/dnn_peer_na_cpr_kernel.yaml,2026-10-01 20:01
dnn_peer_na_cpr_kernel_hl1,"DNN（MLP, シード 5）。ターゲット drtn_1m。特徴量: 基本ファクター＋ラグ・変化率、industry_group 内ピア相対、リターン相関ピア相対（drtn, corr, kernel）、欠損フラグ。EMA 平滑化（半減期 1 ヶ月）",dnn,drtn_1m,"peer,cpr,kernel,na",1.0,within-date z-score,165,2012-12-31,2026-08-31,401.8,0.0716,0.5155,0.092,1.657,0.3246,/Users/inu/workspace/india-ai-model/runs/dnn_peer_na_cpr_kernel/exp,configs/dnn_peer_na_cpr_kernel.yaml,2026-10-01 20:01
dnn_peer_na_cpr_lowrank,"DNN（MLP, シード 5）。ターゲット drtn_1m。特徴量: 基本ファクター＋ラグ・変化率、industry_group 内ピア相対、リターン相関ピア相対（drtn, lowrank）、欠損フラグ",dnn,drtn_1m,"peer,cpr,lowrank,na",0.0,within-date z-score,165,2012-12-31,2026-08-31,401.8,0.0756,0.5883,0.0907,1.668,0.6054,/Users/inu/workspace/india-ai-model/runs/dnn_peer_na_cpr_lowrank/exp,configs/dnn_peer_na_cpr_lowrank.yaml,2026-10-01 20:01
dnn_peer_na_cpr_lowrank_hl1,"DNN（MLP, シード 5）。ターゲット drtn_1m。特徴量: 基本ファクター＋ラグ・変化率、industry_group 内ピア相対、リターン相関ピア相対（drtn, lowrank）、欠損フラグ。EMA 平滑化（半減期 1 ヶ月）",dnn,drtn_1m,"peer,cpr,lowrank,na",1.0,within-date z-score,165,2012-12-31,2026-08-31,401.8,0.0709,0.5267,0.0907,1.668,0.3298,/Users/inu/workspace/india-ai-model/runs/dnn_peer_na_cpr_lowrank/exp,configs/dnn_peer_na_cpr_lowrank.yaml,2026-10-01 20:01
dnn_peer_na_cpr_s10,"DNN（MLP, シード 10）。ターゲット drtn_1m。特徴量: 基本ファクター＋ラグ・変化率、industry_group 内ピア相対、リターン相関ピア相対（drtn, corr）、欠損フラグ",dnn,drtn_1m,"seeds=10,peer,cpr,na",0.0,within-date z-score,165,2012-12-31,2026-08-31,401.8,0.0776,0.5757,0.0944,1.599,0.6019,/Users/inu/workspace/india-ai-model/runs/dnn_peer_na_cpr_s10/exp,configs/dnn_peer_na_cpr_s10.yaml,2026-10-01 20:01
dnn_peer_na_cpr_s10_hl1,"DNN（MLP, シード 10）。ターゲット drtn_1m。特徴量: 基本ファクター＋ラグ・変化率、industry_group 内ピア相対、リターン相関ピア相対（drtn, corr）、欠損フラグ。EMA 平滑化（半減期 1 ヶ月）",dnn,drtn_1m,"seeds=10,peer,cpr,na",1.0,within-date z-score,165,2012-12-31,2026-08-31,401.8,0.0739,0.5203,0.0944,1.599,0.3265,/Users/inu/workspace/india-ai-model/runs/dnn_peer_na_cpr_s10/exp,configs/dnn_peer_na_cpr_s10.yaml,2026-10-01 20:01
dnn_peer_na_cpr_s5b,"DNN（MLP, シード [5, 6, 7, 8, 9]）。ターゲット drtn_1m。特徴量: 基本ファクター＋ラグ・変化率、industry_group 内ピア相対、リターン相関ピア相対（drtn, corr）、欠損フラグ",dnn,drtn_1m,"seeds=[5, 6, 7, 8, 9],peer,cpr,na",0.0,within-date z-score,165,2012-12-31,2026-08-31,401.8,0.0752,0.5591,0.092,1.513,0.6167,/Users/inu/workspace/india-ai-model/runs/dnn_peer_na_cpr_s5b/exp,configs/dnn_peer_na_cpr_s5b.yaml,2026-10-01 20:01
dnn_peer_na_cpr_s5b_hl1,"DNN（MLP, シード [5, 6, 7, 8, 9]）。ターゲット drtn_1m。特徴量: 基本ファクター＋ラグ・変化率、industry_group 内ピア相対、リターン相関ピア相対（drtn, corr）、欠損フラグ。EMA 平滑化（半減期 1 ヶ月）",dnn,drtn_1m,"seeds=[5, 6, 7, 8, 9],peer,cpr,na",1.0,within-date z-score,165,2012-12-31,2026-08-31,401.8,0.0724,0.5106,0.092,1.513,0.3373,/Users/inu/workspace/india-ai-model/runs/dnn_peer_na_cpr_s5b/exp,configs/dnn_peer_na_cpr_s5b.yaml,2026-10-01 20:01
dnn_peer_na_cpr_srtn,"DNN（MLP, シード 5）。ターゲット drtn_1m。特徴量: 基本ファクター＋ラグ・変化率、industry_group 内ピア相対、リターン相関ピア相対（srtn, corr）、欠損フラグ",dnn,drtn_1m,"peer,cpr,srtn,na",0.0,within-date z-score,165,2012-12-31,2026-08-31,401.8,0.0767,0.5943,0.0927,1.647,0.6093,/Users/inu/workspace/india-ai-model/runs/dnn_peer_na_cpr_srtn/exp,configs/dnn_peer_na_cpr_srtn.yaml,2026-10-01 20:01
dnn_peer_na_cpr_srtn_hl1,"DNN（MLP, シード 5）。ターゲット drtn_1m。特徴量: 基本ファクター＋ラグ・変化率、industry_group 内ピア相対、リターン相関ピア相対（srtn, corr）、欠損フラグ。EMA 平滑化（半減期 1 ヶ月）",dnn,drtn_1m,"peer,cpr,srtn,na",1.0,within-date z-score,165,2012-12-31,2026-08-31,401.8,0.0729,0.535,0.0927,1.647,0.332,/Users/inu/workspace/india-ai-model/runs/dnn_peer_na_cpr_srtn/exp,configs/dnn_peer_na_cpr_srtn.yaml,2026-10-01 20:01
dnn_peer_na_hl1,"DNN（MLP, シード 5）。ターゲット drtn_1m。特徴量: 基本ファクター＋ラグ・変化率、industry_group 内ピア相対、欠損フラグ。EMA 平滑化（半減期 1 ヶ月）",dnn,drtn_1m,"peer,na",1.0,within-date z-score,165,2012-12-31,2026-08-31,401.8,0.0719,0.4896,0.093,1.667,0.3051,/Users/inu/workspace/india-ai-model/runs/dnn_peer_na/exp,configs/dnn_peer_na.yaml,2026-10-01 20:01
dnn_peer_w_cap,"DNN（MLP, シード 5）。ターゲット drtn_1m。特徴量: 基本ファクター＋ラグ・変化率、industry_group 内ピア相対。サンプル重み name=sqrt_w",dnn,drtn_1m,"peer,w:name=sqrt_w",0.0,within-date z-score,165,2012-12-31,2026-08-31,401.8,0.0698,0.4998,0.0817,1.329,0.5968,/Users/inu/workspace/india-ai-model/runs/dnn_peer_w_cap/exp,configs/dnn_peer_w_cap.yaml,2026-10-01 20:01
dnn_peer_w_cap_hl1,"DNN（MLP, シード 5）。ターゲット drtn_1m。特徴量: 基本ファクター＋ラグ・変化率、industry_group 内ピア相対。サンプル重み name=sqrt_w。EMA 平滑化（半減期 1 ヶ月）",dnn,drtn_1m,"peer,w:name=sqrt_w",1.0,within-date z-score,165,2012-12-31,2026-08-31,401.8,0.0662,0.4533,0.0817,1.329,0.3266,/Users/inu/workspace/india-ai-model/runs/dnn_peer_w_cap/exp,configs/dnn_peer_w_cap.yaml,2026-10-01 20:01
dnn_peer_w_time,"DNN（MLP, シード 5）。ターゲット drtn_1m。特徴量: 基本ファクター＋ラグ・変化率、industry_group 内ピア相対。サンプル重み time_halflife_months=60",dnn,drtn_1m,"peer,w:time_halflife_months=60",0.0,within-date z-score,165,2012-12-31,2026-08-31,401.8,0.0722,0.5289,0.0859,1.539,0.5974,/Users/inu/workspace/india-ai-model/runs/dnn_peer_w_time/exp,configs/dnn_peer_w_time.yaml,2026-10-01 20:01
dnn_peer_w_time_hl1,"DNN（MLP, シード 5）。ターゲット drtn_1m。特徴量: 基本ファクター＋ラグ・変化率、industry_group 内ピア相対。サンプル重み time_halflife_months=60。EMA 平滑化（半減期 1 ヶ月）",dnn,drtn_1m,"peer,w:time_halflife_months=60",1.0,within-date z-score,165,2012-12-31,2026-08-31,401.8,0.0685,0.4811,0.0859,1.539,0.3291,/Users/inu/workspace/india-ai-model/runs/dnn_peer_w_time/exp,configs/dnn_peer_w_time.yaml,2026-10-01 20:01
dnn_srtn_peer_na_cpr_s10,"DNN（MLP, シード 10）。ターゲット srtn_1m。特徴量: 基本ファクター＋ラグ・変化率、industry_group 内ピア相対、リターン相関ピア相対（drtn, corr）、欠損フラグ",dnn,srtn_1m,"seeds=10,peer,cpr,na",0.0,within-date z-score,165,2012-12-31,2026-08-31,401.8,0.0594,0.5601,0.0619,1.106,0.8012,/Users/inu/workspace/india-ai-model/runs/dnn_srtn_peer_na_cpr_s10/exp,configs/dnn_srtn_peer_na_cpr_s10.yaml,2026-10-01 20:01
dnn_srtn_peer_na_cpr_s10_hl1,"DNN（MLP, シード 10）。ターゲット srtn_1m。特徴量: 基本ファクター＋ラグ・変化率、industry_group 内ピア相対、リターン相関ピア相対（drtn, corr）、欠損フラグ。EMA 平滑化（半減期 1 ヶ月）",dnn,srtn_1m,"seeds=10,peer,cpr,na",1.0,within-date z-score,165,2012-12-31,2026-08-31,401.8,0.0554,0.4777,0.0619,1.106,0.4396,/Users/inu/workspace/india-ai-model/runs/dnn_srtn_peer_na_cpr_s10/exp,configs/dnn_srtn_peer_na_cpr_s10.yaml,2026-10-01 20:01
ens3,"等ウェイトの z-score 平均アンサンブル: ridge_peer_cpr, lgbm_reg_peer_cpr, dnn_peer_na_cpr_s10",ensemble,drtn_1m,members=ridge_peer_cpr+lgbm_reg_peer_cpr+dnn_peer_na_cpr_s10,0.0,within-date z-score,165,2012-12-31,2026-08-31,401.8,0.0824,0.5698,0.1007,1.701,0.5976,/Users/inu/workspace/india-ai-model/runs/ens3/exp,configs/ens3.yaml,2026-10-01 20:01
ens3_hl1,"等ウェイトの z-score 平均アンサンブル: ridge_peer_cpr, lgbm_reg_peer_cpr, dnn_peer_na_cpr_s10。EMA 平滑化（半減期 1 ヶ月）",ensemble,drtn_1m,members=ridge_peer_cpr+lgbm_reg_peer_cpr+dnn_peer_na_cpr_s10,1.0,within-date z-score,165,2012-12-31,2026-08-31,401.8,0.0779,0.5145,0.1007,1.701,0.3164,/Users/inu/workspace/india-ai-model/runs/ens3/exp,configs/ens3.yaml,2026-10-01 20:01
ens3_icw,"過去 24 ヶ月の IC 加重の z-score 平均アンサンブル: ridge_peer_cpr, lgbm_reg_peer_cpr, dnn_peer_na_cpr_s10",ensemble,drtn_1m,members=ridge_peer_cpr+lgbm_reg_peer_cpr+dnn_peer_na_cpr_s10,0.0,within-date z-score,165,2012-12-31,2026-08-31,401.8,0.0823,0.5693,0.1003,1.693,0.5976,/Users/inu/workspace/india-ai-model/runs/ens3_icw/exp,configs/ens3_icw.yaml,2026-10-01 20:01
ens3_icw_hl1,"過去 24 ヶ月の IC 加重の z-score 平均アンサンブル: ridge_peer_cpr, lgbm_reg_peer_cpr, dnn_peer_na_cpr_s10。EMA 平滑化（半減期 1 ヶ月）",ensemble,drtn_1m,members=ridge_peer_cpr+lgbm_reg_peer_cpr+dnn_peer_na_cpr_s10,1.0,within-date z-score,165,2012-12-31,2026-08-31,401.8,0.0777,0.5133,0.1003,1.693,0.3164,/Users/inu/workspace/india-ai-model/runs/ens3_icw/exp,configs/ens3_icw.yaml,2026-10-01 20:01
ens4_srtn,"等ウェイトの z-score 平均アンサンブル: ridge_peer_cpr, lgbm_reg_peer_cpr, dnn_peer_na_cpr_s10, dnn_srtn_peer_na_cpr_s10",ensemble,drtn_1m,members=ridge_peer_cpr+lgbm_reg_peer_cpr+dnn_peer_na_cpr_s10+dnn_srtn_peer_na_cpr_s10,0.0,within-date z-score,165,2012-12-31,2026-08-31,401.8,0.0807,0.5891,0.0956,1.586,0.6609,/Users/inu/workspace/india-ai-model/runs/ens4_srtn/exp,configs/ens4_srtn.yaml,2026-10-01 20:01
ens4_srtn_hl1,"等ウェイトの z-score 平均アンサンブル: ridge_peer_cpr, lgbm_reg_peer_cpr, dnn_peer_na_cpr_s10, dnn_srtn_peer_na_cpr_s10。EMA 平滑化（半減期 1 ヶ月）",ensemble,drtn_1m,members=ridge_peer_cpr+lgbm_reg_peer_cpr+dnn_peer_na_cpr_s10+dnn_srtn_peer_na_cpr_s10,1.0,within-date z-score,165,2012-12-31,2026-08-31,401.8,0.0764,0.5254,0.0956,1.586,0.3501,/Users/inu/workspace/india-ai-model/runs/ens4_srtn/exp,configs/ens4_srtn.yaml,2026-10-01 20:01
ens_dnn_srtn,"等ウェイトの z-score 平均アンサンブル: dnn_peer_na_cpr_s10, dnn_srtn_peer_na_cpr_s10",ensemble,drtn_1m,members=dnn_peer_na_cpr_s10+dnn_srtn_peer_na_cpr_s10,0.0,within-date z-score,165,2012-12-31,2026-08-31,401.8,0.0723,0.598,0.0828,1.445,0.7174,/Users/inu/workspace/india-ai-model/runs/ens_dnn_srtn/exp,configs/ens_dnn_srtn.yaml,2026-10-01 20:01
ens_dnn_srtn_hl1,"等ウェイトの z-score 平均アンサンブル: dnn_peer_na_cpr_s10, dnn_srtn_peer_na_cpr_s10。EMA 平滑化（半減期 1 ヶ月）",ensemble,drtn_1m,members=dnn_peer_na_cpr_s10+dnn_srtn_peer_na_cpr_s10,1.0,within-date z-score,165,2012-12-31,2026-08-31,401.8,0.0688,0.5252,0.0828,1.445,0.3884,/Users/inu/workspace/india-ai-model/runs/ens_dnn_srtn/exp,configs/ens_dnn_srtn.yaml,2026-10-01 20:01
ens_lgbm_dnn,"等ウェイトの z-score 平均アンサンブル: lgbm_reg_peer_cpr, dnn_peer_na_cpr_s10",ensemble,drtn_1m,members=lgbm_reg_peer_cpr+dnn_peer_na_cpr_s10,0.0,within-date z-score,165,2012-12-31,2026-08-31,401.8,0.082,0.5743,0.1012,1.661,0.6001,/Users/inu/workspace/india-ai-model/runs/ens_lgbm_dnn/exp,configs/ens_lgbm_dnn.yaml,2026-10-01 20:01
ens_lgbm_dnn_hl1,"等ウェイトの z-score 平均アンサンブル: lgbm_reg_peer_cpr, dnn_peer_na_cpr_s10。EMA 平滑化（半減期 1 ヶ月）",ensemble,drtn_1m,members=lgbm_reg_peer_cpr+dnn_peer_na_cpr_s10,1.0,within-date z-score,165,2012-12-31,2026-08-31,401.8,0.0782,0.5209,0.1012,1.661,0.3199,/Users/inu/workspace/india-ai-model/runs/ens_lgbm_dnn/exp,configs/ens_lgbm_dnn.yaml,2026-10-01 20:01
ens_lgbm_dnn_srtn,"等ウェイトの z-score 平均アンサンブル: lgbm_reg_peer_cpr, dnn_peer_na_cpr_s10, dnn_srtn_peer_na_cpr_s10",ensemble,drtn_1m,members=lgbm_reg_peer_cpr+dnn_peer_na_cpr_s10+dnn_srtn_peer_na_cpr_s10,0.0,within-date z-score,165,2012-12-31,2026-08-31,401.8,0.0789,0.5981,0.0936,1.558,0.6785,/Users/inu/workspace/india-ai-model/runs/ens_lgbm_dnn_srtn/exp,configs/ens_lgbm_dnn_srtn.yaml,2026-10-01 20:01
ens_lgbm_dnn_srtn_hl1,"等ウェイトの z-score 平均アンサンブル: lgbm_reg_peer_cpr, dnn_peer_na_cpr_s10, dnn_srtn_peer_na_cpr_s10。EMA 平滑化（半減期 1 ヶ月）",ensemble,drtn_1m,members=lgbm_reg_peer_cpr+dnn_peer_na_cpr_s10+dnn_srtn_peer_na_cpr_s10,1.0,within-date z-score,165,2012-12-31,2026-08-31,401.8,0.0752,0.5302,0.0936,1.558,0.3627,/Users/inu/workspace/india-ai-model/runs/ens_lgbm_dnn_srtn/exp,configs/ens_lgbm_dnn_srtn.yaml,2026-10-01 20:01
ens_ridge_dnn,"等ウェイトの z-score 平均アンサンブル: ridge_peer_cpr, dnn_peer_na_cpr_s10",ensemble,drtn_1m,members=ridge_peer_cpr+dnn_peer_na_cpr_s10,0.0,within-date z-score,165,2012-12-31,2026-08-31,401.8,0.08,0.5673,0.0959,1.647,0.6066,/Users/inu/workspace/india-ai-model/runs/ens_ridge_dnn/exp,configs/ens_ridge_dnn.yaml,2026-10-01 20:01
ens_ridge_dnn_hl1,"等ウェイトの z-score 平均アンサンブル: ridge_peer_cpr, dnn_peer_na_cpr_s10。EMA 平滑化（半減期 1 ヶ月）",ensemble,drtn_1m,members=ridge_peer_cpr+dnn_peer_na_cpr_s10,1.0,within-date z-score,165,2012-12-31,2026-08-31,401.8,0.075,0.5092,0.0959,1.647,0.3227,/Users/inu/workspace/india-ai-model/runs/ens_ridge_dnn/exp,configs/ens_ridge_dnn.yaml,2026-10-01 20:01
ens_ridge_lgbm,"等ウェイトの z-score 平均アンサンブル: ridge_peer_cpr, lgbm_reg_peer_cpr",ensemble,drtn_1m,members=ridge_peer_cpr+lgbm_reg_peer_cpr,0.0,within-date z-score,165,2012-12-31,2026-08-31,401.8,0.0807,0.5553,0.0989,1.718,0.6092,/Users/inu/workspace/india-ai-model/runs/ens_ridge_lgbm/exp,configs/ens_ridge_lgbm.yaml,2026-10-01 20:01
ens_ridge_lgbm_hl1,"等ウェイトの z-score 平均アンサンブル: ridge_peer_cpr, lgbm_reg_peer_cpr。EMA 平滑化（半減期 1 ヶ月）",ensemble,drtn_1m,members=ridge_peer_cpr+lgbm_reg_peer_cpr,1.0,within-date z-score,165,2012-12-31,2026-08-31,401.8,0.0769,0.5052,0.0989,1.718,0.3211,/Users/inu/workspace/india-ai-model/runs/ens_ridge_lgbm/exp,configs/ens_ridge_lgbm.yaml,2026-10-01 20:01
lgbm__baseline,LightGBM（lambdarank）。ターゲット drtn_1m。特徴量: 基本ファクター＋ラグ・変化率,lgbm,drtn_1m,,0.0,within-date z-score,165,2012-12-31,2026-08-31,401.8,0.0515,0.3467,0.0672,1.001,,/Users/inu/workspace/india-ai-model/runs/lgbm/baseline,configs/lgbm.yaml,2026-10-01 20:01
lgbm__baseline_hl1,LightGBM（lambdarank）。ターゲット drtn_1m。特徴量: 基本ファクター＋ラグ・変化率。EMA 平滑化（半減期 1 ヶ月）,lgbm,drtn_1m,,1.0,within-date z-score,165,2012-12-31,2026-08-31,401.8,0.0515,0.3467,0.0672,1.001,,/Users/inu/workspace/india-ai-model/runs/lgbm/baseline,configs/lgbm.yaml,2026-10-01 20:01
lgbm_reg__baseline,LightGBM（regression）。ターゲット drtn_1m。特徴量: 基本ファクター＋ラグ・変化率,lgbm,drtn_1m,,0.0,within-date z-score,165,2012-12-31,2026-08-31,401.8,0.067,0.4705,0.0819,1.314,,/Users/inu/workspace/india-ai-model/runs/lgbm_reg/baseline,configs/lgbm_reg.yaml,2026-10-01 20:01
lgbm_reg__baseline_hl1,LightGBM（regression）。ターゲット drtn_1m。特徴量: 基本ファクター＋ラグ・変化率。EMA 平滑化（半減期 1 ヶ月）,lgbm,drtn_1m,,1.0,within-date z-score,165,2012-12-31,2026-08-31,401.8,0.067,0.4705,0.0819,1.314,,/Users/inu/workspace/india-ai-model/runs/lgbm_reg/baseline,configs/lgbm_reg.yaml,2026-10-01 20:01
lgbm_reg__drtn_masked,LightGBM（regression）。ターゲット drtn_1m。特徴量: 基本ファクター＋ラグ・変化率,lgbm,drtn_1m,,0.0,within-date z-score,165,2012-12-31,2026-08-31,401.8,0.068,0.4762,0.0841,1.285,,/Users/inu/workspace/india-ai-model/runs/lgbm_reg/drtn_masked,configs/lgbm_reg.yaml,2026-10-01 20:01
lgbm_reg__drtn_masked_hl1,LightGBM（regression）。ターゲット drtn_1m。特徴量: 基本ファクター＋ラグ・変化率。EMA 平滑化（半減期 1 ヶ月）,lgbm,drtn_1m,,1.0,within-date z-score,165,2012-12-31,2026-08-31,401.8,0.068,0.4762,0.0841,1.285,,/Users/inu/workspace/india-ai-model/runs/lgbm_reg/drtn_masked,configs/lgbm_reg.yaml,2026-10-01 20:01
lgbm_reg__srtn,LightGBM（regression）。ターゲット srtn_1m。特徴量: 基本ファクター＋ラグ・変化率,lgbm,srtn_1m,,0.0,within-date z-score,165,2012-12-31,2026-08-31,401.8,0.0578,0.5509,,,,/Users/inu/workspace/india-ai-model/runs/lgbm_reg/srtn,configs/lgbm_reg.yaml,2026-10-01 20:01
lgbm_reg__srtn_hl1,LightGBM（regression）。ターゲット srtn_1m。特徴量: 基本ファクター＋ラグ・変化率。EMA 平滑化（半減期 1 ヶ月）,lgbm,srtn_1m,,1.0,within-date z-score,165,2012-12-31,2026-08-31,401.8,0.0578,0.5509,,,,/Users/inu/workspace/india-ai-model/runs/lgbm_reg/srtn,configs/lgbm_reg.yaml,2026-10-01 20:01
lgbm_reg_peer,LightGBM（regression）。ターゲット drtn_1m。特徴量: 基本ファクター＋ラグ・変化率、industry_group 内ピア相対,lgbm,drtn_1m,peer,0.0,within-date z-score,165,2012-12-31,2026-08-31,401.8,0.0718,0.518,0.088,1.387,,/Users/inu/workspace/india-ai-model/runs/lgbm_reg_peer/exp,configs/lgbm_reg_peer.yaml,2026-10-01 20:01
lgbm_reg_peer_cpr,"LightGBM（regression）。ターゲット drtn_1m。特徴量: 基本ファクター＋ラグ・変化率、industry_group 内ピア相対、リターン相関ピア相対（drtn, corr）",lgbm,drtn_1m,"peer,cpr",0.0,within-date z-score,165,2012-12-31,2026-08-31,401.8,0.0769,0.5476,0.0965,1.541,0.648,/Users/inu/workspace/india-ai-model/runs/lgbm_reg_peer_cpr/exp,configs/lgbm_reg_peer_cpr.yaml,2026-10-01 20:01
lgbm_reg_peer_cpr_hl1,"LightGBM（regression）。ターゲット drtn_1m。特徴量: 基本ファクター＋ラグ・変化率、industry_group 内ピア相対、リターン相関ピア相対（drtn, corr）。EMA 平滑化（半減期 1 ヶ月）",lgbm,drtn_1m,"peer,cpr",1.0,within-date z-score,165,2012-12-31,2026-08-31,401.8,0.0755,0.5045,0.0965,1.541,0.3447,/Users/inu/workspace/india-ai-model/runs/lgbm_reg_peer_cpr/exp,configs/lgbm_reg_peer_cpr.yaml,2026-10-01 20:01
lgbm_reg_peer_hl1,LightGBM（regression）。ターゲット drtn_1m。特徴量: 基本ファクター＋ラグ・変化率、industry_group 内ピア相対。EMA 平滑化（半減期 1 ヶ月）,lgbm,drtn_1m,peer,1.0,within-date z-score,165,2012-12-31,2026-08-31,401.8,0.0698,0.4773,0.088,1.387,0.3564,/Users/inu/workspace/india-ai-model/runs/lgbm_reg_peer/exp,configs/lgbm_reg_peer.yaml,2026-10-01 20:01
lgbm_reg_peer_na,LightGBM（regression）。ターゲット drtn_1m。特徴量: 基本ファクター＋ラグ・変化率、industry_group 内ピア相対、欠損フラグ,lgbm,drtn_1m,"peer,na",0.0,within-date z-score,165,2012-12-31,2026-08-31,401.8,0.0723,0.5328,0.089,1.5,0.6567,/Users/inu/workspace/india-ai-model/runs/lgbm_reg_peer_na/exp,configs/lgbm_reg_peer_na.yaml,2026-10-01 20:01
lgbm_reg_peer_na_cpr,"LightGBM（regression）。ターゲット drtn_1m。特徴量: 基本ファクター＋ラグ・変化率、industry_group 内ピア相対、リターン相関ピア相対（drtn, corr）、欠損フラグ",lgbm,drtn_1m,"peer,cpr,na",0.0,within-date z-score,165,2012-12-31,2026-08-31,401.8,0.0744,0.5608,0.0892,1.51,0.6904,/Users/inu/workspace/india-ai-model/runs/lgbm_reg_peer_na_cpr/exp,configs/lgbm_reg_peer_na_cpr.yaml,2026-10-01 20:01
lgbm_reg_peer_na_cpr_hl1,"LightGBM（regression）。ターゲット drtn_1m。特徴量: 基本ファクター＋ラグ・変化率、industry_group 内ピア相対、リターン相関ピア相対（drtn, corr）、欠損フラグ。EMA 平滑化（半減期 1 ヶ月）",lgbm,drtn_1m,"peer,cpr,na",1.0,within-date z-score,165,2012-12-31,2026-08-31,401.8,0.0713,0.5001,0.0892,1.51,0.3706,/Users/inu/workspace/india-ai-model/runs/lgbm_reg_peer_na_cpr/exp,configs/lgbm_reg_peer_na_cpr.yaml,2026-10-01 20:01
lgbm_reg_peer_na_hl1,LightGBM（regression）。ターゲット drtn_1m。特徴量: 基本ファクター＋ラグ・変化率、industry_group 内ピア相対、欠損フラグ。EMA 平滑化（半減期 1 ヶ月）,lgbm,drtn_1m,"peer,na",1.0,within-date z-score,165,2012-12-31,2026-08-31,401.8,0.0709,0.4974,0.089,1.5,0.359,/Users/inu/workspace/india-ai-model/runs/lgbm_reg_peer_na/exp,configs/lgbm_reg_peer_na.yaml,2026-10-01 20:01
ridge__baseline,リッジ回帰。ターゲット drtn_1m。特徴量: 基本ファクター＋ラグ・変化率,ridge,drtn_1m,,0.0,within-date z-score,165,2012-12-31,2026-08-31,401.8,0.0688,0.4641,0.0847,1.331,,/Users/inu/workspace/india-ai-model/runs/ridge/baseline,configs/ridge.yaml,2026-10-01 20:01
ridge__baseline_hl1,リッジ回帰。ターゲット drtn_1m。特徴量: 基本ファクター＋ラグ・変化率。EMA 平滑化（半減期 1 ヶ月）,ridge,drtn_1m,,1.0,within-date z-score,165,2012-12-31,2026-08-31,401.8,0.0688,0.4641,0.0847,1.331,,/Users/inu/workspace/india-ai-model/runs/ridge/baseline,configs/ridge.yaml,2026-10-01 20:01
ridge__drtn_masked,リッジ回帰。ターゲット drtn_1m。特徴量: 基本ファクター＋ラグ・変化率,ridge,drtn_1m,,0.0,within-date z-score,165,2012-12-31,2026-08-31,401.8,0.0681,0.4614,0.0833,1.325,,/Users/inu/workspace/india-ai-model/runs/ridge/drtn_masked,configs/ridge.yaml,2026-10-01 20:01
ridge__drtn_masked_hl1,リッジ回帰。ターゲット drtn_1m。特徴量: 基本ファクター＋ラグ・変化率。EMA 平滑化（半減期 1 ヶ月）,ridge,drtn_1m,,1.0,within-date z-score,165,2012-12-31,2026-08-31,401.8,0.0643,0.4241,0.0833,1.325,0.2662,/Users/inu/workspace/india-ai-model/runs/ridge/drtn_masked,configs/ridge.yaml,2026-10-01 20:01
ridge__srtn,リッジ回帰。ターゲット srtn_1m。特徴量: 基本ファクター＋ラグ・変化率,ridge,srtn_1m,,0.0,within-date z-score,165,2012-12-31,2026-08-31,401.8,0.0533,0.4856,,,,/Users/inu/workspace/india-ai-model/runs/ridge/srtn,configs/ridge.yaml,2026-10-01 20:01
ridge__srtn_hl1,リッジ回帰。ターゲット srtn_1m。特徴量: 基本ファクター＋ラグ・変化率。EMA 平滑化（半減期 1 ヶ月）,ridge,srtn_1m,,1.0,within-date z-score,165,2012-12-31,2026-08-31,401.8,0.0533,0.4856,,,,/Users/inu/workspace/india-ai-model/runs/ridge/srtn,configs/ridge.yaml,2026-10-01 20:01
ridge_peer,リッジ回帰。ターゲット drtn_1m。特徴量: 基本ファクター＋ラグ・変化率、industry_group 内ピア相対,ridge,drtn_1m,peer,0.0,within-date z-score,165,2012-12-31,2026-08-31,401.8,0.073,0.5105,0.0881,1.516,,/Users/inu/workspace/india-ai-model/runs/ridge_peer/exp,configs/ridge_peer.yaml,2026-10-01 20:01
ridge_peer_3m,リッジ回帰。ターゲット drtn_3m。特徴量: 基本ファクター＋ラグ・変化率、industry_group 内ピア相対,ridge,drtn_3m,peer,0.0,within-date z-score,165,2012-12-31,2026-08-31,401.8,0.0666,0.4265,0.0892,1.283,0.4372,/Users/inu/workspace/india-ai-model/runs/ridge_peer_3m/exp,configs/ridge_peer_3m.yaml,2026-10-01 20:01
ridge_peer_3m_hl1,リッジ回帰。ターゲット drtn_3m。特徴量: 基本ファクター＋ラグ・変化率、industry_group 内ピア相対。EMA 平滑化（半減期 1 ヶ月）,ridge,drtn_3m,peer,1.0,within-date z-score,165,2012-12-31,2026-08-31,401.8,0.0651,0.4147,0.0892,1.283,0.2452,/Users/inu/workspace/india-ai-model/runs/ridge_peer_3m/exp,configs/ridge_peer_3m.yaml,2026-10-01 20:01
ridge_peer_6m,リッジ回帰。ターゲット drtn_6m。特徴量: 基本ファクター＋ラグ・変化率、industry_group 内ピア相対,ridge,drtn_6m,peer,0.0,within-date z-score,165,2012-12-31,2026-08-31,401.8,0.058,0.4026,0.0796,1.232,0.372,/Users/inu/workspace/india-ai-model/runs/ridge_peer_6m/exp,configs/ridge_peer_6m.yaml,2026-10-01 20:01
ridge_peer_6m_hl1,リッジ回帰。ターゲット drtn_6m。特徴量: 基本ファクター＋ラグ・変化率、industry_group 内ピア相対。EMA 平滑化（半減期 1 ヶ月）,ridge,drtn_6m,peer,1.0,within-date z-score,165,2012-12-31,2026-08-31,401.8,0.0576,0.3991,0.0796,1.232,0.2134,/Users/inu/workspace/india-ai-model/runs/ridge_peer_6m/exp,configs/ridge_peer_6m.yaml,2026-10-01 20:01
ridge_peer_cpr,"リッジ回帰。ターゲット drtn_1m。特徴量: 基本ファクター＋ラグ・変化率、industry_group 内ピア相対、リターン相関ピア相対（drtn, corr）",ridge,drtn_1m,"peer,cpr",0.0,within-date z-score,165,2012-12-31,2026-08-31,401.8,0.0746,0.5363,0.0888,1.53,0.6158,/Users/inu/workspace/india-ai-model/runs/ridge_peer_cpr/exp,configs/ridge_peer_cpr.yaml,2026-10-01 20:01
ridge_peer_cpr_hl1,"リッジ回帰。ターゲット drtn_1m。特徴量: 基本ファクター＋ラグ・変化率、industry_group 内ピア相対、リターン相関ピア相対（drtn, corr）。EMA 平滑化（半減期 1 ヶ月）",ridge,drtn_1m,"peer,cpr",1.0,within-date z-score,165,2012-12-31,2026-08-31,401.8,0.0705,0.4878,0.0888,1.53,0.3274,/Users/inu/workspace/india-ai-model/runs/ridge_peer_cpr/exp,configs/ridge_peer_cpr.yaml,2026-10-01 20:01
ridge_peer_hl1,リッジ回帰。ターゲット drtn_1m。特徴量: 基本ファクター＋ラグ・変化率、industry_group 内ピア相対。EMA 平滑化（半減期 1 ヶ月）,ridge,drtn_1m,peer,1.0,within-date z-score,165,2012-12-31,2026-08-31,401.8,0.0688,0.466,0.0881,1.516,0.3162,/Users/inu/workspace/india-ai-model/runs/ridge_peer/exp,configs/ridge_peer.yaml,2026-10-01 20:01
ridge_peer_na,リッジ回帰。ターゲット drtn_1m。特徴量: 基本ファクター＋ラグ・変化率、industry_group 内ピア相対、欠損フラグ,ridge,drtn_1m,"peer,na",0.0,within-date z-score,165,2012-12-31,2026-08-31,401.8,0.0715,0.5012,0.0839,1.429,0.5928,/Users/inu/workspace/india-ai-model/runs/ridge_peer_na/exp,configs/ridge_peer_na.yaml,2026-10-01 20:01
ridge_peer_na_hl1,リッジ回帰。ターゲット drtn_1m。特徴量: 基本ファクター＋ラグ・変化率、industry_group 内ピア相対、欠損フラグ。EMA 平滑化（半減期 1 ヶ月）,ridge,drtn_1m,"peer,na",1.0,within-date z-score,165,2012-12-31,2026-08-31,401.8,0.0666,0.4532,0.0839,1.429,0.3168,/Users/inu/workspace/india-ai-model/runs/ridge_peer_na/exp,configs/ridge_peer_na.yaml,2026-10-01 20:01
ridge_peer_w_cap,リッジ回帰。ターゲット drtn_1m。特徴量: 基本ファクター＋ラグ・変化率、industry_group 内ピア相対。サンプル重み name=sqrt_w,ridge,drtn_1m,"peer,w:name=sqrt_w",0.0,within-date z-score,165,2012-12-31,2026-08-31,401.8,0.0722,0.5249,0.0854,1.514,0.6288,/Users/inu/workspace/india-ai-model/runs/ridge_peer_w_cap/exp,configs/ridge_peer_w_cap.yaml,2026-10-01 20:01
ridge_peer_w_cap_hl1,リッジ回帰。ターゲット drtn_1m。特徴量: 基本ファクター＋ラグ・変化率、industry_group 内ピア相対。サンプル重み name=sqrt_w。EMA 平滑化（半減期 1 ヶ月）,ridge,drtn_1m,"peer,w:name=sqrt_w",1.0,within-date z-score,165,2012-12-31,2026-08-31,401.8,0.0671,0.4676,0.0854,1.514,0.3298,/Users/inu/workspace/india-ai-model/runs/ridge_peer_w_cap/exp,configs/ridge_peer_w_cap.yaml,2026-10-01 20:01
ridge_peer_w_sqrtn,リッジ回帰。ターゲット drtn_1m。特徴量: 基本ファクター＋ラグ・変化率、industry_group 内ピア相対。サンプル重み date=sqrt_n,ridge,drtn_1m,"peer,w:date=sqrt_n",0.0,within-date z-score,165,2012-12-31,2026-08-31,401.8,0.0735,0.5236,0.0887,1.475,0.6128,/Users/inu/workspace/india-ai-model/runs/ridge_peer_w_sqrtn/exp,configs/ridge_peer_w_sqrtn.yaml,2026-10-01 20:01
ridge_peer_w_sqrtn_hl1,リッジ回帰。ターゲット drtn_1m。特徴量: 基本ファクター＋ラグ・変化率、industry_group 内ピア相対。サンプル重み date=sqrt_n。EMA 平滑化（半減期 1 ヶ月）,ridge,drtn_1m,"peer,w:date=sqrt_n",1.0,within-date z-score,165,2012-12-31,2026-08-31,401.8,0.0693,0.4769,0.0887,1.475,0.3268,/Users/inu/workspace/india-ai-model/runs/ridge_peer_w_sqrtn/exp,configs/ridge_peer_w_sqrtn.yaml,2026-10-01 20:01
ridge_peer_w_time,リッジ回帰。ターゲット drtn_1m。特徴量: 基本ファクター＋ラグ・変化率、industry_group 内ピア相対。サンプル重み time_halflife_months=60,ridge,drtn_1m,"peer,w:time_halflife_months=60",0.0,within-date z-score,165,2012-12-31,2026-08-31,401.8,0.0727,0.4926,0.0866,1.504,0.5886,/Users/inu/workspace/india-ai-model/runs/ridge_peer_w_time/exp,configs/ridge_peer_w_time.yaml,2026-10-01 20:01
ridge_peer_w_time_hl1,リッジ回帰。ターゲット drtn_1m。特徴量: 基本ファクター＋ラグ・変化率、industry_group 内ピア相対。サンプル重み time_halflife_months=60。EMA 平滑化（半減期 1 ヶ月）,ridge,drtn_1m,"peer,w:time_halflife_months=60",1.0,within-date z-score,165,2012-12-31,2026-08-31,401.8,0.0683,0.4474,0.0866,1.504,0.3164,/Users/inu/workspace/india-ai-model/runs/ridge_peer_w_time/exp,configs/ridge_peer_w_time.yaml,2026-10-01 20:02
ridge_sector__drtn_masked,リッジ回帰。ターゲット drtn_1m（sector 内で中立化）。特徴量: 基本ファクター＋ラグ・変化率,ridge,drtn_1m,sector_y,0.0,within-date z-score,165,2012-12-31,2026-08-31,401.8,0.0691,0.4803,0.082,1.404,,/Users/inu/workspace/india-ai-model/runs/ridge_sector/drtn_masked,configs/ridge_sector.yaml,2026-10-01 20:02
ridge_sector__drtn_masked_hl1,リッジ回帰。ターゲット drtn_1m（sector 内で中立化）。特徴量: 基本ファクター＋ラグ・変化率。EMA 平滑化（半減期 1 ヶ月）,ridge,drtn_1m,sector_y,1.0,within-date z-score,165,2012-12-31,2026-08-31,401.8,0.0691,0.4803,0.082,1.404,,/Users/inu/workspace/india-ai-model/runs/ridge_sector/drtn_masked,configs/ridge_sector.yaml,2026-10-01 20:02
