yyyymm,currency,rate
197001,INR,7.547
197002,INR,7.536022
197003,INR,7.536022
197004,INR,7.536022
197005,INR,7.547
197006,INR,7.564011
197007,INR,7.587023
197008,INR,7.605025
197009,INR,7.593014
197010,INR,7.587023
197011,INR,7.587023
197012,INR,7.575988
197101,INR,7.501988
197102,INR,7.508015
197103,INR,7.501988
197104,INR,7.496027
197105,INR,7.496027
197106,INR,7.501988
197107,INR,7.501988
197108,INR,7.593014
197109,INR,7.558979
197110,INR,7.558979
197111,INR,7.558979
197112,INR,7.278974
197201,INR,7.278974
197202,INR,7.278974
197203,INR,7.278974
197204,INR,7.278974
197205,INR,7.278974
197206,INR,7.766025
197207,INR,7.741975
197208,INR,7.747014
197209,INR,7.7332
197210,INR,8.0078
197211,INR,7.9551
197212,INR,8.0118
197301,INR,7.899
197302,INR,7.5744
197303,INR,7.5835
197304,INR,7.5607
197305,INR,7.3279
197306,INR,7.2444
197307,INR,7.4612
197308,INR,7.6229
197309,INR,7.753
197310,INR,7.6733
197311,INR,7.988
197312,INR,8.0335
197401,INR,8.1779
197402,INR,8.1008
197403,INR,7.792
197404,INR,7.6991
197405,INR,7.8164
197406,INR,7.8491
197407,INR,7.8252
197408,INR,8.0828
197409,INR,8.0308
197410,INR,8.0246
197411,INR,8.0533
197412,INR,7.971
197501,INR,7.8722
197502,INR,7.7102
197503,INR,7.8033
197504,INR,7.9541
197505,INR,8.1055
197506,INR,8.3905
197507,INR,8.6293
197508,INR,8.7818
197509,INR,8.9297
197510,INR,8.7805
197511,INR,9.0416
197512,INR,8.9314
197601,INR,8.8993
197602,INR,8.9098
197603,INR,8.9702
197604,INR,8.916
197605,INR,9.339
197606,INR,8.9443
197607,INR,8.9418
197608,INR,8.9846
197609,INR,9.1205
197610,INR,9.6425
197611,INR,8.8495
197612,INR,8.8901
197701,INR,8.8247
197702,INR,8.832
197703,INR,8.797
197704,INR,8.8016
197705,INR,8.8032
197706,INR,8.7965
197707,INR,8.7044
197708,INR,8.6849
197709,INR,8.67
197710,INR,8.218
197711,INR,8.6283
197712,INR,8.1432
197801,INR,8.0276
197802,INR,8.0969
197803,INR,8.4269
197804,INR,8.5683
197805,INR,8.3719
197806,INR,8.2217
197807,INR,8.012
197808,INR,8.0653
197809,INR,7.9463
197810,INR,7.7942
197811,INR,8.2623
197812,INR,8.0466
197901,INR,8.2424
197902,INR,8.121
197903,INR,8.0857
197904,INR,8.2708
197905,INR,8.1184
197906,INR,7.9691
197907,INR,7.9297
197908,INR,7.9568
197909,INR,8.0608
197910,INR,8.2547
197911,INR,7.9436
197912,INR,8.004
198001,INR,7.9785
198002,INR,8.03
198003,INR,8.2368
198004,INR,8.0155
198005,INR,7.8339
198006,INR,7.785
198007,INR,7.8084
198008,INR,7.7559
198009,INR,7.7715
198010,INR,7.7204
198011,INR,7.8423
198012,INR,7.846
198101,INR,8.0972
198102,INR,8.3499
198103,INR,8.2505
198104,INR,8.2896
198105,INR,8.4428
198106,INR,8.7328
198107,INR,9.0205
198108,INR,8.9542
198109,INR,9.0748
198110,INR,9.0359
198111,INR,9.1504
198112,INR,9.0581
198201,INR,9.1346
198202,INR,9.2893
198203,INR,9.3217
198204,INR,9.3135
198205,INR,9.3945
198206,INR,9.4647
198207,INR,9.5339
198208,INR,9.6028
198209,INR,9.6904
198210,INR,9.7355
198211,INR,9.6394
198212,INR,9.66
198301,INR,9.9757
198302,INR,9.9859
198303,INR,9.9203
198304,INR,9.9972
198305,INR,10.004
198306,INR,10.0137
198307,INR,10.1617
198308,INR,10.1801
198309,INR,10.2063
198310,INR,10.2557
198311,INR,10.4196
198312,INR,10.4862
198401,INR,10.762
198402,INR,10.6407
198403,INR,10.7313
198404,INR,10.8671
198405,INR,11.0025
198406,INR,11.1358
198407,INR,11.4796
198408,INR,11.5313
198409,INR,12.0314
198410,INR,12.0384
198411,INR,12.2062
198412,INR,12.328
198501,INR,12.59947
198502,INR,12.939007
198503,INR,12.177615
198504,INR,12.281526
198505,INR,12.34741
198506,INR,12.180252
198507,INR,11.786794
198508,INR,11.873694
198509,INR,11.866643
198510,INR,11.954427
198511,INR,11.861565
198512,INR,11.985476
198601,INR,12.364152
198602,INR,12.209983
198603,INR,12.339858
198604,INR,12.157152
198605,INR,12.6831
198606,INR,12.416948
198607,INR,12.508683
198608,INR,12.460217
198609,INR,12.699413
198610,INR,12.9178
198611,INR,12.992131
198612,INR,12.951348
198701,INR,13.200994
198702,INR,13.014231
198703,INR,12.897128
198704,INR,12.651852
198705,INR,12.7836
198706,INR,12.813147
198707,INR,13.08268
198708,INR,12.993614
198709,INR,13.065151
198710,INR,12.907978
198711,INR,12.820426
198712,INR,12.599724
198801,INR,13.008979
198802,INR,12.967075
198803,INR,12.860689
198804,INR,13.152232
198805,INR,13.386142
198806,INR,14.094693
198807,INR,14.203676
198808,INR,14.355912
198809,INR,14.4706
198810,INR,14.793808
198811,INR,14.809351
198812,INR,14.811989
198901,INR,15.114075
198902,INR,15.205043
198903,INR,15.548993
198904,INR,15.8264
198905,INR,16.24336
198906,INR,16.42111
198907,INR,16.32006
198908,INR,16.59281
198909,INR,16.61529
198910,INR,16.78583
198911,INR,16.87181
198912,INR,16.71578
199001,INR,16.94915
199002,INR,17.09037
199003,INR,17.20012
199004,INR,17.26772
199005,INR,17.34049
199006,INR,17.4448
199007,INR,17.35341
199008,INR,17.50925
199009,INR,17.9893
199010,INR,18.15005
199011,INR,18.19025
199012,INR,18.13278
199101,INR,18.60814
199102,INR,19.06095
199103,INR,19.49182
199104,INR,20.18256
199105,INR,20.83676
199106,INR,21.10392
199107,INR,25.79323
199108,INR,25.81174
199109,INR,25.79188
199110,INR,25.91314
199111,INR,25.85884
199112,INR,25.6907
199201,INR,25.91848
199202,INR,26.05606
199203,INR,28.96341
199204,INR,28.60607
199205,INR,28.64327
199206,INR,28.66677
199207,INR,28.38203
199208,INR,27.67042
199209,INR,28.45764
199210,INR,28.40269
199211,INR,28.44237
199212,INR,28.93489
199301,INR,29.19919
199302,INR,30.18417
199303,INR,31.21377
199304,INR,31.34034
199305,INR,31.29522
199306,INR,31.31216
199307,INR,31.35616
199308,INR,31.47464
199309,INR,31.28491
199310,INR,31.34825
199311,INR,31.3621
199312,INR,31.31586
199401,INR,31.3663
199402,INR,31.365
199403,INR,31.37
199404,INR,31.3675
199405,INR,31.37
199406,INR,31.37
199407,INR,31.37
199408,INR,31.3688
199409,INR,31.3625
199410,INR,31.3763
199411,INR,31.395
199412,INR,31.3688
199501,INR,31.375
199502,INR,31.4263
199503,INR,31.415
199504,INR,31.4325
199505,INR,31.425
199506,INR,31.4
199507,INR,31.415
199508,INR,31.855
199509,INR,33.925
199510,INR,34.2
199511,INR,34.895
199512,INR,35.165
199601,INR,36.435
199602,INR,34.675
199603,INR,34.1
199604,INR,34.75
199605,INR,35.03
199606,INR,35.23
199607,INR,35.55
199608,INR,35.67
199609,INR,35.65
199610,INR,35.6
199611,INR,35.72
199612,INR,35.825
199701,INR,35.875
199702,INR,35.88
199703,INR,35.875
199704,INR,35.755
199705,INR,35.775
199706,INR,35.8
199707,INR,35.695
199708,INR,36.33
199709,INR,36.17
199710,INR,36.365
199711,INR,38.585
199712,INR,39.21
199801,INR,38.82
199802,INR,39.35
199803,INR,39.4825
199804,INR,39.715
199805,INR,41.675
199806,INR,42.375
199807,INR,42.54
199808,INR,42.52
199809,INR,42.4028
199810,INR,42.36
199811,INR,42.58
199812,INR,42.4963
199901,INR,42.505
199902,INR,42.675
199903,INR,42.43
199904,INR,42.78
199905,INR,42.85
199906,INR,43.3613
199907,INR,43.31
199908,INR,43.4675
199909,INR,43.595
199910,INR,43.39
199911,INR,43.4175
199912,INR,43.5175
200001,INR,43.6288
200002,INR,43.6113
200003,INR,43.605
200004,INR,43.6575
200005,INR,44.576
200006,INR,44.6725
200007,INR,45.02
200008,INR,45.77
200009,INR,46.035
200010,INR,46.835
200011,INR,46.855
200012,INR,46.68
200101,INR,46.395
200102,INR,46.555
200103,INR,46.625
200104,INR,46.83
200105,INR,47.01
200106,INR,47.04
200107,INR,47.13
200108,INR,47.14
200109,INR,47.85
200110,INR,47.99
200111,INR,47.93
200112,INR,48.22
200201,INR,48.51
200202,INR,48.73
200203,INR,48.78
200204,INR,48.93
200205,INR,49.01
200206,INR,48.86
200207,INR,48.64
200208,INR,48.47
200209,INR,48.35
200210,INR,48.34
200211,INR,48.31
200212,INR,47.95
200301,INR,47.8035
200302,INR,47.665
200303,INR,47.46
200304,INR,47.345
200305,INR,47.02
200306,INR,46.47
200307,INR,46.142
200308,INR,45.84
200309,INR,45.76
200310,INR,45.32
200311,INR,45.77
200312,INR,45.625
200401,INR,45.295
200402,INR,45.235
200403,INR,43.42
200404,INR,44.47
200405,INR,45.39
200406,INR,45.975
200407,INR,46.375
200408,INR,46.345
200409,INR,46.0
200410,INR,45.365
200411,INR,44.49
200412,INR,43.47
200501,INR,43.655
200502,INR,43.6
200503,INR,43.665
200504,INR,43.53
200505,INR,43.745
200506,INR,43.48
200507,INR,43.44
200508,INR,44.09
200509,INR,43.965
200510,INR,45.105
200511,INR,45.9
200512,INR,45.01
200601,INR,44.125
200602,INR,44.37
200603,INR,44.565
200604,INR,44.915
200605,INR,46.3
200606,INR,46.04
200607,INR,46.56
200608,INR,46.535
200609,INR,45.925
200610,INR,45.03
200611,INR,44.732
200612,INR,44.26
200701,INR,44.162
200702,INR,44.275
200703,INR,43.465
200704,INR,41.19
200705,INR,40.605
200706,INR,40.7275
200707,INR,40.3825
200708,INR,40.875
200709,INR,39.8475
200710,INR,39.3235
200711,INR,39.625
200712,INR,39.415
200801,INR,39.375
200802,INR,40.015
200803,INR,40.12
200804,INR,40.515
200805,INR,42.455
200806,INR,43.025
200807,INR,42.575
200808,INR,43.935
200809,INR,46.965
200810,INR,49.45
200811,INR,50.085
200812,INR,48.72
200901,INR,48.88
200902,INR,51.14
200903,INR,50.735
200904,INR,50.035
200905,INR,47.115
200906,INR,47.905
200907,INR,47.95
200908,INR,48.825
200909,INR,48.105
200910,INR,46.965
200911,INR,46.515
200912,INR,46.535
201001,INR,46.17
201002,INR,46.105
201003,INR,44.895
201004,INR,44.36
201005,INR,46.365
201006,INR,46.445
201007,INR,46.405
201008,INR,47.04
201009,INR,44.935
201010,INR,44.425
201011,INR,45.885
201012,INR,44.715
201101,INR,45.91
201102,INR,45.265
201103,INR,44.595
201104,INR,44.215
201105,INR,45.045
201106,INR,44.7025
201107,INR,44.19
201108,INR,46.05
201109,INR,48.975
201110,INR,48.695
201111,INR,52.205
201112,INR,53.105
201201,INR,49.445
201202,INR,49.01
201203,INR,50.945
201204,INR,52.7
201205,INR,56.1575
201206,INR,55.835
201207,INR,55.615
201208,INR,55.625
201209,INR,52.745
201210,INR,53.795
201211,INR,54.395
201212,INR,54.79
201301,INR,53.19
201302,INR,54.405
201303,INR,54.35
201304,INR,53.875
201305,INR,56.485
201306,INR,59.425
201307,INR,60.805
201308,INR,66.07
201309,INR,62.605
201310,INR,61.455
201311,INR,62.49
201312,INR,61.855
201401,INR,62.655
201402,INR,61.98
201403,INR,59.7225
201404,INR,60.315
201405,INR,59.09
201406,INR,60.145
201407,INR,60.5225
201408,INR,60.68
201409,INR,61.76
201410,INR,61.4
201411,INR,62.055
201412,INR,63.12251
201501,INR,61.935
201502,INR,61.805
201503,INR,62.58125
201504,INR,63.515
201505,INR,63.86625
201506,INR,63.68
201507,INR,64.1182
201508,INR,66.475
201509,INR,65.64
201510,INR,65.345
201511,INR,66.655
201512,INR,66.15625
201601,INR,67.8775
201602,INR,68.425
201603,INR,66.2225
201604,INR,66.33
201605,INR,67.285
201606,INR,67.495
201607,INR,66.985
201608,INR,66.97
201609,INR,66.58
201610,INR,66.7865
201611,INR,68.44895
201612,INR,67.87
201701,INR,67.845
201702,INR,66.71875
201703,INR,64.935
201704,INR,64.33
201705,INR,64.52
201706,INR,64.6375
201707,INR,64.15125
201708,INR,63.92625
201709,INR,65.32
201710,INR,64.77125
201711,INR,64.48
201712,INR,63.8275
201801,INR,63.60375
201802,INR,65.14625
201803,INR,65.22169
201804,INR,66.74
201805,INR,67.4825
201806,INR,68.515
201807,INR,68.58625
201808,INR,70.92625
201809,INR,72.49
201810,INR,73.945
201811,INR,69.695
201812,INR,69.815
201901,INR,71.12
201902,INR,71.12625
201903,INR,69.275
201904,INR,69.55375
201905,INR,69.69125
201906,INR,69.0275
201907,INR,68.785
201908,INR,71.4075
201909,INR,70.8688
201910,INR,70.92875
201911,INR,71.7375
201912,INR,71.37815
202001,INR,71.3575
202002,INR,72.1675
202003,INR,75.65125
202004,INR,75.095
202005,INR,75.61625
202006,INR,75.50375
202007,INR,74.8125
202008,INR,73.6075
202009,INR,73.78
202010,INR,74.1075
202011,INR,74.05625
202012,INR,73.0675
202101,INR,72.96
202102,INR,73.485
202103,INR,73.11375
202104,INR,74.0725
202105,INR,72.6225
202106,INR,74.33
202107,INR,74.415
202108,INR,73.0075
202109,INR,74.2275
202110,INR,74.88125
202111,INR,75.1525
202112,INR,74.33565
202201,INR,74.6225
202202,INR,75.3475
202203,INR,75.775
202204,INR,76.4425
202205,INR,77.63625
202206,INR,78.9725
202207,INR,79.26125
202208,INR,79.45815
202209,INR,81.35125
202210,INR,82.7775
202211,INR,81.43625
202212,INR,82.73
202301,INR,81.92875
202302,INR,82.6675
202303,INR,82.1825
202304,INR,81.83625
202305,INR,82.7319
202306,INR,82.03625
202307,INR,82.24875
202308,INR,82.78625
202309,INR,83.04125
202310,INR,83.25875
202311,INR,83.39375
202312,INR,83.21375
202401,INR,83.04375
202402,INR,82.91625
202403,INR,83.4025
202404,INR,83.43625
202405,INR,83.47125
202406,INR,83.3875
202407,INR,83.72875
202408,INR,83.87125
202409,INR,83.80125
202410,INR,84.08625
202411,INR,84.49625
202412,INR,85.61375
202501,INR,86.61625
202502,INR,87.50375
202503,INR,85.4725
202504,INR,84.48375
202505,INR,85.575
202506,INR,85.76
202507,INR,87.59875
202508,INR,88.22315
202509,INR,88.78875
202510,INR,88.77125
202511,INR,89.4475
202512,INR,89.8794
202601,INR,91.9875
202602,INR,90.97625
202603,INR,94.84875
202604,INR,94.91375
202605,INR,95.0
202606,INR,94.65874
202607,INR,95.415
