id,symbol,name,description,group,group_alt_1,group_alt_2
101,BETA,Beta,GEMLTL_BETA (fnum=1),Risk Indices,,
102,BTOP,Book-to-Price,GEMLTL_BTOP (fnum=2),Risk Indices,,
103,DIVYILD,Dividend Yield,GEMLTL_DIVYILD (fnum=3),Risk Indices,,
104,EARNQLTY,Earnings Quality,GEMLTL_EARNQLTY (fnum=4),Risk Indices,,
105,EARNVAR,Earnings Variability,GEMLTL_EARNVAR (fnum=5),Risk Indices,,
106,EARNYILD,Earnings Yield,GEMLTL_EARNYILD (fnum=6),Risk Indices,,
107,GROWTH,Growth,GEMLTL_GROWTH (fnum=7),Risk Indices,,
108,INVSQLTY,Investment Quality,GEMLTL_INVSQLTY (fnum=8),Risk Indices,,
109,LEVERAGE,Leverage,GEMLTL_LEVERAGE (fnum=9),Risk Indices,,
110,LIQUIDTY,Liquidity,GEMLTL_LIQUIDTY (fnum=10),Risk Indices,,
111,LTREVRSL,Long-Term Reversal,GEMLTL_LTREVRSL (fnum=11),Risk Indices,,
112,MIDCAP,Mid Capitalization,GEMLTL_MIDCAP (fnum=12),Risk Indices,,
113,MOMENTUM,Momentum,GEMLTL_MOMENTUM (fnum=13),Risk Indices,,
114,PROFIT,Profitability,GEMLTL_PROFIT (fnum=14),Risk Indices,,
115,RESVOL,Residual Volatility,GEMLTL_RESVOL (fnum=15),Risk Indices,,
116,SIZE,Size,GEMLTL_SIZE (fnum=16),Risk Indices,,
201,AEROSPCE,Aerospace and Defense,GEMLTL_AEROSPCE (fnum=17),Industries,,
202,AIRLINES,Airlines,GEMLTL_AIRLINES (fnum=18),Industries,,
203,DIVMETAL,Aluminium and Diversified Metals,GEMLTL_DIVMETAL (fnum=19),Industries,,
204,AUTOCOMP,Automobiles and Components,GEMLTL_AUTOCOMP (fnum=20),Industries,,
205,BANKS,Banks,GEMLTL_BANKS (fnum=21),Industries,,
206,BIOTECH,Biotechnology,GEMLTL_BIOTECH (fnum=22),Industries,,
207,BLDCNSTR,Building Products Construction Engineering,GEMLTL_BLDCNSTR (fnum=23),Industries,,
208,CHEMICAL,Chemicals,GEMLTL_CHEMICAL (fnum=24),Industries,,
209,COMMSVCS,Commercial and Professional Services,GEMLTL_COMMSVCS (fnum=25),Industries,,
210,COMMUNIC,Communications Equipment,GEMLTL_COMMUNIC (fnum=26),Industries,,
211,COMPUTER,Computers and Electronics,GEMLTL_COMPUTER (fnum=27),Industries,,
212,CONSTPP,Construction and Containers and Paper,GEMLTL_CONSTPP (fnum=28),Industries,,
213,CONSDUR,Consumer Durables and Apparel,GEMLTL_CONSDUR (fnum=29),Industries,,
214,CONSVCS,Consumer Services,GEMLTL_CONSVCS (fnum=30),Industries,,
215,DIVFIN,Diversified Financials,GEMLTL_DIVFIN (fnum=31),Industries,,
216,ENERGY,Energy Equipment and Services,GEMLTL_ENERGY (fnum=32),Industries,,
217,AGROCHEM,Fertilizers and Agricultural Chemicals,GEMLTL_AGROCHEM (fnum=33),Industries,,
218,FOODPRD,Food and Beverage and Tobacco,GEMLTL_FOODPRD (fnum=34),Industries,,
219,FOODRETL,Food and Staples Retailing,GEMLTL_FOODRETL (fnum=35),Industries,,
220,GOLD,Gold,GEMLTL_GOLD (fnum=36),Industries,,
221,HLTHEQP,Health Care Equipment and Suppliers,GEMLTL_HLTHEQP (fnum=37),Industries,,
222,HLTHSVC,Health Care Services,GEMLTL_HLTHSVC (fnum=38),Industries,,
223,HSHLDPRD,Household and Personal Products,GEMLTL_HSHLDPRD (fnum=39),Industries,,
224,INOILGAS,Integrated Oil and Gas,GEMLTL_INOILGAS (fnum=40),Industries,,
225,INSURNCE,Insurance,GEMLTL_INSURNCE (fnum=41),Industries,,
226,INTERNET,Internet Software and Services,GEMLTL_INTERNET (fnum=42),Industries,,
227,SOFTWARE,IT Services and Software,GEMLTL_SOFTWARE (fnum=43),Industries,,
228,MACHINRY,Machinery,GEMLTL_MACHINRY (fnum=44),Industries,,
229,MEDIA,Media,GEMLTL_MEDIA (fnum=45),Industries,,
230,OILGAS,Oil and Gas and Consumable Fuels,GEMLTL_OILGAS (fnum=46),Industries,,
231,OILEXPL,Oil and Gas Exploration and Production,GEMLTL_OILEXPL (fnum=47),Industries,,
232,PHARMA,Pharmaceuticals and Life Sciences,GEMLTL_PHARMA (fnum=48),Industries,,
233,PRECMETL,Precious Metals and Minerals,GEMLTL_PRECMETL (fnum=49),Industries,,
234,REALEST,Real Estate,GEMLTL_REALEST (fnum=50),Industries,,
235,RETAIL,Retailing,GEMLTL_RETAIL (fnum=51),Industries,,
236,SEMICOND,Semiconductors,GEMLTL_SEMICOND (fnum=52),Industries,,
237,SMICNDEQ,Semiconductors Equipment,GEMLTL_SMICNDEQ (fnum=53),Industries,,
238,STEEL,Steel,GEMLTL_STEEL (fnum=54),Industries,,
239,TELECOM,Telecommunication Services,GEMLTL_TELECOM (fnum=55),Industries,,
240,TRNSPORT,Transportation Non-Airline,GEMLTL_TRNSPORT (fnum=56),Industries,,
241,UTILITY,Utilities,GEMLTL_UTILITY (fnum=57),Industries,,
242,CAPMRKTS,Capital Markets,GEMLTL_CAPMRKTS (fnum=58),Industries,,
243,RGNLBNKS,Regional Banks,GEMLTL_RGNLBNKS (fnum=59),Industries,,
244,THRIFTS,Thrifts and Mortgage Finance,GEMLTL_THRIFTS (fnum=60),Industries,,
245,RLESTMNG,Real Estate Management,GEMLTL_RLESTMNG (fnum=61),Industries,,
301,ARG,Argentina Mkt,GEMLTL_ARG (fnum=62),Countries,,
302,AUS,Australia Mkt,GEMLTL_AUS (fnum=63),Countries,,
303,AUT,Austria Mkt,GEMLTL_AUT (fnum=64),Countries,,
304,BEL,Belgium Mkt,GEMLTL_BEL (fnum=65),Countries,,
305,BRA,Brazil Mkt,GEMLTL_BRA (fnum=66),Countries,,
306,CAN,Canada Mkt,GEMLTL_CAN (fnum=67),Countries,,
307,CHL,Chile Mkt,GEMLTL_CHL (fnum=68),Countries,,
308,CHN,China Domestic Mkt,GEMLTL_CHN (fnum=69),Countries,,
309,CHX,China International Mkt,GEMLTL_CHX (fnum=70),Countries,,
310,DNK,Denmark Mkt,GEMLTL_DNK (fnum=71),Countries,,
311,FIN,Finland Mkt,GEMLTL_FIN (fnum=72),Countries,,
312,FRA,France Mkt,GEMLTL_FRA (fnum=73),Countries,,
313,DEU,Germany Mkt,GEMLTL_DEU (fnum=74),Countries,,
314,GRC,Greece Mkt,GEMLTL_GRC (fnum=75),Countries,,
315,HKG,Hong Kong Mkt,GEMLTL_HKG (fnum=76),Countries,,
316,IDN,Indonesia Mkt,GEMLTL_IDN (fnum=77),Countries,,
317,ITA,Italy Mkt,GEMLTL_ITA (fnum=78),Countries,,
318,JPN,Japan Mkt,GEMLTL_JPN (fnum=79),Countries,,
319,JOR,Jordan Mkt,GEMLTL_JOR (fnum=80),Countries,,
320,MEX,Mexico Mkt,GEMLTL_MEX (fnum=81),Countries,,
321,NLD,Netherlands Mkt,GEMLTL_NLD (fnum=82),Countries,,
322,NZL,New Zealand Mkt,GEMLTL_NZL (fnum=83),Countries,,
323,NOR,Norway Mkt,GEMLTL_NOR (fnum=84),Countries,,
324,PHL,Philippines Mkt,GEMLTL_PHL (fnum=85),Countries,,
325,PRT,Portugal Mkt,GEMLTL_PRT (fnum=86),Countries,,
326,SGP,Singapore Mkt,GEMLTL_SGP (fnum=87),Countries,,
327,KOR,South Korea Mkt,GEMLTL_KOR (fnum=88),Countries,,
328,ESP,Spain Mkt,GEMLTL_ESP (fnum=89),Countries,,
329,LKA,Sri Lanka Mkt,GEMLTL_LKA (fnum=90),Countries,,
330,SWE,Sweden Mkt,GEMLTL_SWE (fnum=91),Countries,,
331,CHE,Switzerland Mkt,GEMLTL_CHE (fnum=92),Countries,,
332,TWN,Taiwan Mkt,GEMLTL_TWN (fnum=93),Countries,,
333,THA,Thailand Mkt,GEMLTL_THA (fnum=94),Countries,,
334,TUR,Turkey Mkt,GEMLTL_TUR (fnum=95),Countries,,
335,GBR,United Kingdom Mkt,GEMLTL_GBR (fnum=96),Countries,,
336,USA,United States Mkt,GEMLTL_USA (fnum=97),Countries,,
337,PAK,Pakistan Mkt,GEMLTL_PAK (fnum=98),Countries,,
338,COL,Colombia Mkt,GEMLTL_COL (fnum=99),Countries,,
339,IND,India Mkt,GEMLTL_IND (fnum=100),Countries,,
340,ISR,Israel Mkt,GEMLTL_ISR (fnum=101),Countries,,
341,POL,Poland Mkt,GEMLTL_POL (fnum=102),Countries,,
342,ZAF,South Africa Mkt,GEMLTL_ZAF (fnum=103),Countries,,
343,IRL,Ireland Mkt,GEMLTL_IRL (fnum=104),Countries,,
344,MYS,Malaysia Mkt,GEMLTL_MYS (fnum=105),Countries,,
345,HUN,Hungary Mkt,GEMLTL_HUN (fnum=106),Countries,,
346,CZE,Czech Republic Mkt,GEMLTL_CZE (fnum=107),Countries,,
347,EGY,Egypt Mkt,GEMLTL_EGY (fnum=108),Countries,,
348,RUS,Russia Mkt,GEMLTL_RUS (fnum=109),Countries,,
349,MAR,Morocco Mkt,GEMLTL_MAR (fnum=110),Countries,,
350,PER,Peru Mkt,GEMLTL_PER (fnum=111),Countries,,
351,SVN,Slovenia Mkt,GEMLTL_SVN (fnum=112),Countries,,
352,NGA,Nigeria Mkt,GEMLTL_NGA (fnum=113),Countries,,
353,BHR,Bahrain Mkt,GEMLTL_BHR (fnum=114),Countries,,
354,KWT,Kuwait Mkt,GEMLTL_KWT (fnum=115),Countries,,
355,OMN,Oman Mkt,GEMLTL_OMN (fnum=116),Countries,,
356,QAT,Qatar Mkt,GEMLTL_QAT (fnum=117),Countries,,
357,SAU,Saudi Arabia Mkt,GEMLTL_SAU (fnum=118),Countries,,
358,ARE,United Arab Emirates Mkt,GEMLTL_ARE (fnum=119),Countries,,
359,ISL,Iceland Mkt,GEMLTL_ISL (fnum=120),Countries,,
360,HRV,Croatia Mkt,GEMLTL_HRV (fnum=121),Countries,,
361,LVA,Latvia Mkt,GEMLTL_LVA (fnum=122),Countries,,
362,LTU,Lithuania Mkt,GEMLTL_LTU (fnum=123),Countries,,
363,ROU,Romania Mkt,GEMLTL_ROU (fnum=124),Countries,,
364,EST,Estonia Mkt,GEMLTL_EST (fnum=125),Countries,,
365,SVK,Slovakia Mkt,GEMLTL_SVK (fnum=126),Countries,,
366,CYP,Cyprus Mkt,GEMLTL_CYP (fnum=127),Countries,,
367,KEN,Kenya Mkt,GEMLTL_KEN (fnum=128),Countries,,
368,LBN,Lebanon Mkt,GEMLTL_LBN (fnum=129),Countries,,
369,MUS,Mauritius Mkt,GEMLTL_MUS (fnum=130),Countries,,
370,TUN,Tunisia Mkt,GEMLTL_TUN (fnum=131),Countries,,
371,BGR,Bulgaria Mkt,GEMLTL_BGR (fnum=132),Countries,,
372,KAZ,Kazakhstan Mkt,GEMLTL_KAZ (fnum=133),Countries,,
373,UKR,Ukraine Mkt,GEMLTL_UKR (fnum=134),Countries,,
374,VNM,Vietnam Mkt,GEMLTL_VNM (fnum=135),Countries,,
375,TTO,Trinidad and Tobago Mkt,GEMLTL_TTO (fnum=136),Countries,,
376,CIV,Ivory Coast Mkt,GEMLTL_CIV (fnum=137),Countries,,
377,JAM,Jamaica Mkt,GEMLTL_JAM (fnum=138),Countries,,
378,MKD,Macedonia Mkt,GEMLTL_MKD (fnum=139),Countries,,
379,MLT,Malta Mkt,GEMLTL_MLT (fnum=140),Countries,,
380,BWA,Botswana Mkt,GEMLTL_BWA (fnum=141),Countries,,
381,SRB,Serbia Mkt,GEMLTL_SRB (fnum=142),Countries,,
382,BGD,Bangladesh Mkt,GEMLTL_BGD (fnum=143),Countries,,
383,MNE,Montenegro Mkt,GEMLTL_MNE (fnum=144),Countries,,
384,GHA,Ghana Mkt,GEMLTL_GHA (fnum=145),Countries,,
385,BIH,Bosnia and Herzegovina Mkt,GEMLTL_BIH (fnum=146),Countries,,
386,ZMB,Zambia Mkt,GEMLTL_ZMB (fnum=147),Countries,,
387,NAM,Namibia Mkt,GEMLTL_NAM (fnum=148),Countries,,
388,PSE,Palestine Mkt,GEMLTL_PSE (fnum=149),Countries,,
401,ARGC,Argentina,GEMLTL_ARGC (fnum=150),Currencies,,
402,AUSC,Australia,GEMLTL_AUSC (fnum=151),Currencies,,
403,AUTC,Austria,GEMLTL_AUTC (fnum=152),Currencies,,
404,BELC,Belgium,GEMLTL_BELC (fnum=153),Currencies,,
405,BRAC,Brazil,GEMLTL_BRAC (fnum=154),Currencies,,
406,CANC,Canada,GEMLTL_CANC (fnum=155),Currencies,,
407,CHLC,Chile,GEMLTL_CHLC (fnum=156),Currencies,,
408,CHNC,China Domestic,GEMLTL_CHNC (fnum=157),Currencies,,
409,DNKC,Denmark,GEMLTL_DNKC (fnum=158),Currencies,,
410,FINC,Finland,GEMLTL_FINC (fnum=159),Currencies,,
411,FRAC,France,GEMLTL_FRAC (fnum=160),Currencies,,
412,DEUC,Germany,GEMLTL_DEUC (fnum=161),Currencies,,
413,GRCC,Greece,GEMLTL_GRCC (fnum=162),Currencies,,
414,HKGC,Hong Kong,GEMLTL_HKGC (fnum=163),Currencies,,
415,IDNC,Indonesia,GEMLTL_IDNC (fnum=164),Currencies,,
416,ITAC,Italy,GEMLTL_ITAC (fnum=165),Currencies,,
417,JPNC,Japan,GEMLTL_JPNC (fnum=166),Currencies,,
418,JORC,Jordan,GEMLTL_JORC (fnum=167),Currencies,,
419,MEXC,Mexico,GEMLTL_MEXC (fnum=168),Currencies,,
420,NLDC,Netherlands,GEMLTL_NLDC (fnum=169),Currencies,,
421,NZLC,New Zealand,GEMLTL_NZLC (fnum=170),Currencies,,
422,NORC,Norway,GEMLTL_NORC (fnum=171),Currencies,,
423,PHLC,Philippines,GEMLTL_PHLC (fnum=172),Currencies,,
424,PRTC,Portugal,GEMLTL_PRTC (fnum=173),Currencies,,
425,SGPC,Singapore,GEMLTL_SGPC (fnum=174),Currencies,,
426,KORC,South Korea,GEMLTL_KORC (fnum=175),Currencies,,
427,ESPC,Spain,GEMLTL_ESPC (fnum=176),Currencies,,
428,LKAC,Sri Lanka,GEMLTL_LKAC (fnum=177),Currencies,,
429,SWEC,Sweden,GEMLTL_SWEC (fnum=178),Currencies,,
430,CHEC,Switzerland,GEMLTL_CHEC (fnum=179),Currencies,,
431,TWNC,Taiwan,GEMLTL_TWNC (fnum=180),Currencies,,
432,THAC,Thailand,GEMLTL_THAC (fnum=181),Currencies,,
433,TURC,Turkey,GEMLTL_TURC (fnum=182),Currencies,,
434,GBRC,United Kingdom,GEMLTL_GBRC (fnum=183),Currencies,,
435,USAC,United States,GEMLTL_USAC (fnum=184),Currencies,,
436,PAKC,Pakistan,GEMLTL_PAKC (fnum=185),Currencies,,
437,COLC,Colombia,GEMLTL_COLC (fnum=186),Currencies,,
438,INDC,India,GEMLTL_INDC (fnum=187),Currencies,,
439,ISRC,Israel,GEMLTL_ISRC (fnum=188),Currencies,,
440,POLC,Poland,GEMLTL_POLC (fnum=189),Currencies,,
441,ZAFC,South Africa,GEMLTL_ZAFC (fnum=190),Currencies,,
442,IRLC,Ireland,GEMLTL_IRLC (fnum=191),Currencies,,
443,MYSC,Malaysia,GEMLTL_MYSC (fnum=192),Currencies,,
444,HUNC,Hungary,GEMLTL_HUNC (fnum=193),Currencies,,
445,CZEC,Czech Republic,GEMLTL_CZEC (fnum=194),Currencies,,
446,EGYC,Egypt,GEMLTL_EGYC (fnum=195),Currencies,,
447,RUSC,Russia,GEMLTL_RUSC (fnum=196),Currencies,,
448,MARC,Morocco,GEMLTL_MARC (fnum=197),Currencies,,
449,PERC,Peru,GEMLTL_PERC (fnum=198),Currencies,,
450,SVNC,Slovenia,GEMLTL_SVNC (fnum=199),Currencies,,
451,NGAC,Nigeria,GEMLTL_NGAC (fnum=200),Currencies,,
452,BHRC,Bahrain,GEMLTL_BHRC (fnum=201),Currencies,,
453,KWTC,Kuwait,GEMLTL_KWTC (fnum=202),Currencies,,
454,OMNC,Oman,GEMLTL_OMNC (fnum=203),Currencies,,
455,QATC,Qatar,GEMLTL_QATC (fnum=204),Currencies,,
456,SAUC,Saudi Arabia,GEMLTL_SAUC (fnum=205),Currencies,,
457,AREC,United Arab Emirates,GEMLTL_AREC (fnum=206),Currencies,,
458,ISLC,Iceland,GEMLTL_ISLC (fnum=207),Currencies,,
459,HRVC,Croatia,GEMLTL_HRVC (fnum=208),Currencies,,
460,LVAC,Latvia,GEMLTL_LVAC (fnum=209),Currencies,,
461,LTUC,Lithuania,GEMLTL_LTUC (fnum=210),Currencies,,
462,ROUC,Romania,GEMLTL_ROUC (fnum=211),Currencies,,
463,ESTC,Estonia,GEMLTL_ESTC (fnum=212),Currencies,,
464,SVKC,Slovakia,GEMLTL_SVKC (fnum=213),Currencies,,
465,CYPC,Cyprus,GEMLTL_CYPC (fnum=214),Currencies,,
466,KENC,Kenya,GEMLTL_KENC (fnum=215),Currencies,,
467,LBNC,Lebanon,GEMLTL_LBNC (fnum=216),Currencies,,
468,MUSC,Mauritius,GEMLTL_MUSC (fnum=217),Currencies,,
469,TUNC,Tunisia,GEMLTL_TUNC (fnum=218),Currencies,,
470,BGRC,Bulgaria,GEMLTL_BGRC (fnum=219),Currencies,,
471,KAZC,Kazakhstan,GEMLTL_KAZC (fnum=220),Currencies,,
472,UKRC,Ukraine,GEMLTL_UKRC (fnum=221),Currencies,,
473,VNMC,Vietnam,GEMLTL_VNMC (fnum=222),Currencies,,
474,TTOC,Trinidad and Tobago,GEMLTL_TTOC (fnum=223),Currencies,,
475,CIVC,Ivory Coast,GEMLTL_CIVC (fnum=224),Currencies,,
476,JAMC,Jamaica,GEMLTL_JAMC (fnum=225),Currencies,,
477,MKDC,Macedonia,GEMLTL_MKDC (fnum=226),Currencies,,
478,MLTC,Malta,GEMLTL_MLTC (fnum=227),Currencies,,
479,BWAC,Botswana,GEMLTL_BWAC (fnum=228),Currencies,,
480,SRBC,Serbia,GEMLTL_SRBC (fnum=229),Currencies,,
481,BGDC,Bangladesh,GEMLTL_BGDC (fnum=230),Currencies,,
482,MNEC,Montenegro,GEMLTL_MNEC (fnum=231),Currencies,,
483,GHAC,Ghana,GEMLTL_GHAC (fnum=232),Currencies,,
484,BIHC,Bosnia and Herzegovina,GEMLTL_BIHC (fnum=233),Currencies,,
485,ZMBC,Zambia,GEMLTL_ZMBC (fnum=234),Currencies,,
486,NAMC,Namibia,GEMLTL_NAMC (fnum=235),Currencies,,
487,PSEC,Palestine,GEMLTL_PSEC (fnum=236),Currencies,,
488,EMUC,Euro,GEMLTL_EMUC (fnum=237),Currencies,,
501,WORLD,World,GEMLTL_WORLD (fnum=238),Market,,
